relPath,classFolder,fileName,overall,brightness,contrast,focusScore,foregroundFrac,illumination,maskValid,focusStatus,brightnessStatus,contrastStatus,foregroundStatus,illuminationStatus,maskValidStatus,failureCategories
class_0\005b95c28852.png,class_0,005b95c28852.png,WARNING,0.210009469106969,0.0634716818154073,0.00022879686664242,0.333147048950195,1.19361378205378,1,WARNING,WARNING,PASS,WARNING,PASS,PASS,
class_0\0151781fe50b.png,class_0,0151781fe50b.png,WARNING,0.467572248795786,0.0543950714991117,0.000818465843536565,0.473961194356283,1.03822437226833,1,PASS,WARNING,PASS,PASS,PASS,PASS,
class_0\0212dd31f623.png,class_0,0212dd31f623.png,PASS,0.366338384150372,0.0575989482855819,0.00095335528000064,0.785979138321996,1.17284796272158,1,PASS,PASS,PASS,PASS,PASS,PASS,
class_0\022f820027b8.png,class_0,022f820027b8.png,PASS,0.431726259862926,0.0634403683394981,0.00107914440855366,0.474298159281413,1.02480111247334,1,PASS,PASS,PASS,PASS,PASS,PASS,
class_0\06586082a24d.png,class_0,06586082a24d.png,PASS,0.398243933271285,0.0647680467619371,0.000660519379471779,0.473911285400391,1.03916334125535,1,PASS,PASS,PASS,PASS,PASS,PASS,
class_0\06be1092a062.png,class_0,06be1092a062.png,PASS,0.354359770688704,0.0435194849448832,0.000567301654313587,0.473603305850863,1.03123608939453,1,PASS,PASS,PASS,PASS,PASS,PASS,
class_0\0709652336e2.png,class_0,0709652336e2.png,WARNING,0.385811870581079,0.101604252758156,0.000594393094306476,0.473478317260742,1.09349294876312,1,PASS,PASS,PASS,WARNING,PASS,PASS,
class_0\07e827469099.png,class_0,07e827469099.png,WARNING,0.403341272489376,0.0673953269212089,0.000914501129791739,0.474406878153483,0.826060788909185,1,PASS,PASS,PASS,PASS,WARNING,PASS,
class_0\08c60c647673.png,class_0,08c60c647673.png,PASS,0.265729797168661,0.0922037283360364,0.000312366090315873,0.874905669760488,1.12837298952904,1,PASS,PASS,PASS,PASS,PASS,PASS,
class_0\08f8838d69bb.png,class_0,08f8838d69bb.png,PASS,0.39277644919966,0.060139421194151,0.00108490997219197,0.787277097505669,1.07117584746471,1,PASS,PASS,PASS,PASS,PASS,PASS,
class_0\09237bf783a4.png,class_0,09237bf783a4.png,PASS,0.380254060266772,0.0619788989616295,0.000879500118117197,0.78791201814059,1.15323671829635,1,PASS,PASS,PASS,PASS,PASS,PASS,
class_0\093cf723fede.png,class_0,093cf723fede.png,PASS,0.402478194941123,0.0774166516379084,0.000925015611288214,0.47420597076416,1.10114934172039,1,PASS,PASS,PASS,PASS,PASS,PASS,
class_0\0a38b552372d.png,class_0,0a38b552372d.png,WARNING,0.462544453111025,0.0664195821881459,0.00111281744361178,0.787536507936508,1.05015614242762,1,PASS,WARNING,PASS,PASS,PASS,PASS,
class_0\0afbeeef0ff7.png,class_0,0afbeeef0ff7.png,PASS,0.354959357083656,0.0437022015916816,0.000828096979465907,0.7864589569161,1.05121621381126,1,PASS,PASS,PASS,PASS,PASS,PASS,
class_0\0b64a0a06f9a.png,class_0,0b64a0a06f9a.png,WARNING,0.253017751565661,0.0884709964516482,0.00036415859563313,0.747966655132779,0.839630630860605,1,PASS,PASS,PASS,PASS,WARNING,PASS,
class_0\0cbcc7b23613.png,class_0,0cbcc7b23613.png,FAIL,0.23218927915201,0.0776533479445723,0.000139705529455455,0.689164099884278,0.975270625567243,1,FAIL,PASS,PASS,PASS,PASS,PASS,Blur
class_0\0da321efbce6.png,class_0,0da321efbce6.png,WARNING,0.210332510999724,0.0713400775017968,0.000228791214049862,0.665063853988935,0.945706348872515,1,WARNING,WARNING,PASS,PASS,PASS,PASS,
class_0\1002b5151b8e.png,class_0,1002b5151b8e.png,PASS,0.384988439181255,0.0857547163205583,0.00065607936779487,0.473826029200622,1.0980464248359,1,PASS,PASS,PASS,PASS,PASS,PASS,
class_0\10f6ef37fe43.png,class_0,10f6ef37fe43.png,PASS,0.369237623237956,0.0588528812503459,0.000909885838981553,0.786389115646258,1.12941475240423,1,PASS,PASS,PASS,PASS,PASS,PASS,
class_0\11b220a397b8.png,class_0,11b220a397b8.png,PASS,0.423042014568068,0.0558946605219442,0.000748418320402387,0.474132537841797,0.992028016408345,1,PASS,PASS,PASS,PASS,PASS,PASS,
class_0\12058bbb8299.png,class_0,12058bbb8299.png,PASS,0.451752131311086,0.0555807240724116,0.00111748407523203,0.788247619047619,1.10102459086497,1,PASS,PASS,PASS,PASS,PASS,PASS,
class_0\12ab2f6397f0.png,class_0,12ab2f6397f0.png,PASS,0.384378851078825,0.0566494720178769,0.000949277855542249,0.786760997732426,1.10533284805209,1,PASS,PASS,PASS,PASS,PASS,PASS,
class_0\12b57dac703e.png,class_0,12b57dac703e.png,FAIL,0.380338484092937,0.141570815563297,0.000982190781543353,0.903438199089693,1.11973184993127,1,PASS,PASS,FAIL,WARNING,PASS,PASS,Low Contrast
class_0\12ef75375322.png,class_0,12ef75375322.png,PASS,0.456447884951959,0.0535815729390837,0.00104011314548069,0.787278911564626,1.0819716372166,1,PASS,PASS,PASS,PASS,PASS,PASS,
class_0\13073f075a56.png,class_0,13073f075a56.png,WARNING,0.465124552537962,0.0674641228959622,0.000919316364923896,0.786864399092971,1.16089329655668,1,PASS,WARNING,PASS,PASS,PASS,PASS,
class_0\143db89c11c8.png,class_0,143db89c11c8.png,PASS,0.36142337850318,0.0581407058347602,0.00071489568633845,0.785979138321996,1.08022233201037,1,PASS,PASS,PASS,PASS,PASS,PASS,
class_0\14c3b41d289c.png,class_0,14c3b41d289c.png,FAIL,0.340369461221852,0.138809702649135,0.000595342976121206,0.863991187424319,1.02583962449913,1,PASS,PASS,FAIL,PASS,PASS,PASS,Low Contrast
class_0\15c24478ac72.png,class_0,15c24478ac72.png,PASS,0.446079355892755,0.0614570575432507,0.00102373826650908,0.787750566893424,1.09952397114275,1,PASS,PASS,PASS,PASS,PASS,PASS,
class_0\1608c82a263f.png,class_0,1608c82a263f.png,PASS,0.285609023747172,0.0948628121896492,0.000366100548697138,0.744949385314163,0.990777853008585,1,PASS,PASS,PASS,PASS,PASS,PASS,
class_0\1633f8291a80.png,class_0,1633f8291a80.png,WARNING,0.377667733872276,0.075435023245841,0.000475585206395378,0.47322348299547,1.15867992287763,1,PASS,PASS,PASS,WARNING,PASS,PASS,
class_0\17f6c7072f61.png,class_0,17f6c7072f61.png,PASS,0.438966331997822,0.0551312195831538,0.00097538871119714,0.78702947845805,1.12612897682814,1,PASS,PASS,PASS,PASS,PASS,PASS,
class_0\186c1835eec5.png,class_0,186c1835eec5.png,PASS,0.44953240876786,0.0485358742092655,0.000940773547575945,0.787815873015873,1.11341000036479,1,PASS,PASS,PASS,PASS,PASS,PASS,
class_0\197af0de76e2.png,class_0,197af0de76e2.png,PASS,0.421002627366172,0.0676701906786881,0.00109506029373914,0.787239002267574,1.08846928019152,1,PASS,PASS,PASS,PASS,PASS,PASS,
class_0\1c7a013eeba7.png,class_0,1c7a013eeba7.png,PASS,0.365833700685578,0.0533947874228633,0.000964735568972564,0.7861179138322,1.12943598253942,1,PASS,PASS,PASS,PASS,PASS,PASS,
class_0\1ca91751be4d.png,class_0,1ca91751be4d.png,PASS,0.431309829819463,0.0602739307804199,0.00092486057450684,0.786719274376417,1.148114928545,1,PASS,PASS,PASS,PASS,PASS,PASS,
class_0\1caba2fb38f6.png,class_0,1caba2fb38f6.png,PASS,0.301308967266567,0.062566956637855,0.000818428761976053,0.784337414965986,1.23425215776713,1,PASS,PASS,PASS,PASS,PASS,PASS,
class_0\1d0b93317aa8.png,class_0,1d0b93317aa8.png,WARNING,0.190913274149814,0.0595924271020998,0.000249232928386582,0.398759841918945,1.10450056089345,1,PASS,WARNING,PASS,WARNING,PASS,PASS,
class_0\1d46f1326394.png,class_0,1d46f1326394.png,PASS,0.414027839777337,0.0721793467170329,0.00102075064565254,0.785624489795918,1.2079028195644,1,PASS,PASS,PASS,PASS,PASS,PASS,
class_0\1d74c4713e21.png,class_0,1d74c4713e21.png,WARNING,0.361361535525096,0.10756420700239,0.000539711389519561,0.473491032918294,1.10367893298339,1,PASS,PASS,WARNING,WARNING,PASS,PASS,
class_0\1df0a4c23c95.png,class_0,1df0a4c23c95.png,PASS,0.304828114388438,0.0532508880137373,0.000569203087458637,0.473895630247422,1.06176619546845,1,PASS,PASS,PASS,PASS,PASS,PASS,
class_0\1df1530b9b8d.png,class_0,1df1530b9b8d.png,PASS,0.377467681267166,0.0638897677100737,0.00107536331737817,0.786061678004535,1.17414112696304,1,PASS,PASS,PASS,PASS,PASS,PASS,
class_0\1e8c31e29dd3.png,class_0,1e8c31e29dd3.png,PASS,0.414324263766073,0.0635892403271734,0.00104031954783641,0.788418140589569,1.12499873621511,1,PASS,PASS,PASS,PASS,PASS,PASS,
class_0\20f86e068276.png,class_0,20f86e068276.png,WARNING,0.266250050452548,0.069185936829224,0.000439616081510096,0.890146910467578,1.14488530488294,1,PASS,PASS,PASS,WARNING,PASS,PASS,
class_0\22449af52060.png,class_0,22449af52060.png,PASS,0.410091632897518,0.0573359664881303,0.00120964211368252,0.789161904761905,0.991753616503475,1,PASS,PASS,PASS,PASS,PASS,PASS,
class_0\226c6ceb9185.png,class_0,226c6ceb9185.png,WARNING,0.191963393238885,0.0429683770590877,0.000372164317496275,0.467512766520182,1.02841461063894,1,PASS,WARNING,PASS,WARNING,PASS,PASS,
class_0\252305189b3a.png,class_0,252305189b3a.png,WARNING,0.423399353551326,0.0773333205555234,0.00135806124135063,0.786861678004535,1.0544656682217,1,WARNING,PASS,PASS,PASS,PASS,PASS,
class_0\253e96488cfb.png,class_0,253e96488cfb.png,PASS,0.258524981193477,0.054822094395555,0.00061019338121454,0.830969420453505,1.09963072525258,1,PASS,PASS,PASS,PASS,PASS,PASS,
class_0\2585bbc91909.png,class_0,2585bbc91909.png,WARNING,0.203565699950356,0.0422802833833586,0.000299317498122631,0.428569157918294,1.14235060928429,1,PASS,WARNING,PASS,WARNING,PASS,PASS,
class_0\260a455692b5.png,class_0,260a455692b5.png,WARNING,0.206219400724028,0.0592688604596687,0.000349721665318368,0.406457583109538,1.22129772078926,1,PASS,WARNING,PASS,WARNING,PASS,PASS,
class_0\266fbefa58fb.png,class_0,266fbefa58fb.png,PASS,0.387803923060401,0.066163276969783,0.000975457675260079,0.786850793650794,1.08498567190022,1,PASS,PASS,PASS,PASS,PASS,PASS,
class_0\2682e6da9050.png,class_0,2682e6da9050.png,WARNING,0.205857327774157,0.0437095839610911,0.000182230507577272,0.748780416568653,0.941588589682432,1,WARNING,WARNING,PASS,PASS,PASS,PASS,
class_0\26cd40b57ad1.png,class_0,26cd40b57ad1.png,PASS,0.368258396650902,0.05951965795999,0.00111271279141258,0.786390929705215,1.09392981290282,1,PASS,PASS,PASS,PASS,PASS,PASS,
class_0\26fc2358a38d.png,class_0,26fc2358a38d.png,WARNING,0.346932771781886,0.0856029012939202,0.000881538716552493,0.784781859410431,1.33184590484921,1,PASS,PASS,PASS,PASS,WARNING,PASS,
class_0\27f82ada84ac.png,class_0,27f82ada84ac.png,FAIL,0.179657400550199,0.0458853930445033,0.000189554354936209,0.697836004024929,0.791136541709762,1,WARNING,FAIL,PASS,PASS,FAIL,PASS,Underexposure|Uneven Illumination
class_0\28751f290ba3.png,class_0,28751f290ba3.png,WARNING,0.471080545281829,0.0598802192397106,0.00114768940153261,0.789585487528345,1.08260345647315,1,PASS,WARNING,PASS,PASS,PASS,PASS,
class_0\28f73575e1f2.png,class_0,28f73575e1f2.png,PASS,0.346988540042266,0.0661806251951746,0.000815506143462867,0.474229715272061,0.966808432872747,1,PASS,PASS,PASS,PASS,PASS,PASS,
class_0\29a13e666266.png,class_0,29a13e666266.png,PASS,0.34140756221689,0.0578857745102082,0.000892334740706659,0.785795918367347,1.154756406452,1,PASS,PASS,PASS,PASS,PASS,PASS,
class_0\29d059522fa1.png,class_0,29d059522fa1.png,PASS,0.386118505822906,0.0613501388788394,0.00102865254826108,0.785980952380952,1.1230152631265,1,PASS,PASS,PASS,PASS,PASS,PASS,
class_0\29f9e1ac9507.png,class_0,29f9e1ac9507.png,PASS,0.392973037120024,0.0560268148102064,0.00068094475319772,0.474456415824494,1.09301744654296,1,PASS,PASS,PASS,PASS,PASS,PASS,
class_0\2a2274bcb00a.png,class_0,2a2274bcb00a.png,WARNING,0.296840874584105,0.0493159833873402,0.000551046420168761,0.901368262097557,1.11769665852903,1,PASS,PASS,PASS,WARNING,PASS,PASS,
class_0\2b3a4a81d748.png,class_0,2b3a4a81d748.png,PASS,0.456964899234972,0.0712924145318035,0.00113597347624606,0.787326077097506,1.09376730901044,1,PASS,PASS,PASS,PASS,PASS,PASS,
class_0\2d04cead4d3a.png,class_0,2d04cead4d3a.png,PASS,0.318569587592596,0.0856374246656078,0.00075246761256417,0.473923365275065,1.02366294032987,1,PASS,PASS,PASS,PASS,PASS,PASS,
class_0\2f7fbdcc9a4b.png,class_0,2f7fbdcc9a4b.png,PASS,0.41224696449574,0.0721765756156005,0.000725408325433309,0.474017143249512,1.11322646608725,1,PASS,PASS,PASS,PASS,PASS,PASS,
class_0\30db694bee42.png,class_0,30db694bee42.png,PASS,0.397134095681085,0.08276556908737,0.000597158135089356,0.473659833272298,1.06364257187885,1,PASS,PASS,PASS,PASS,PASS,PASS,
class_0\3132556f5352.png,class_0,3132556f5352.png,PASS,0.359840954796244,0.0470558875484669,0.000926929268091758,0.785891156462585,1.01613892568366,1,PASS,PASS,PASS,PASS,PASS,PASS,
class_0\32ed318235b8.png,class_0,32ed318235b8.png,PASS,0.403687715237168,0.0787163168373203,0.000843636105269074,0.78579410430839,1.23933759979737,1,PASS,PASS,PASS,PASS,PASS,PASS,
class_0\348598d01e18.png,class_0,348598d01e18.png,PASS,0.380737318967408,0.0793923806108799,0.0010783473168514,0.785733333333333,1.14147771560243,1,PASS,PASS,PASS,PASS,PASS,PASS,
class_0\35df2bc6ae95.png,class_0,35df2bc6ae95.png,PASS,0.382658775677555,0.0507718558219926,0.000971321822842881,0.786593197278912,1.14911098411129,1,PASS,PASS,PASS,PASS,PASS,PASS,
class_0\3710ff45299c.png,class_0,3710ff45299c.png,PASS,0.399330818758267,0.0646859020115551,0.00119985722112023,0.787208163265306,1.16132874426218,1,PASS,PASS,PASS,PASS,PASS,PASS,
class_0\384db24ebbd7.png,class_0,384db24ebbd7.png,PASS,0.426976629063993,0.0462442252486423,0.00095954367876227,0.786807256235828,1.08714798583,1,PASS,PASS,PASS,PASS,PASS,PASS,
class_0\387138ddf43d.png,class_0,387138ddf43d.png,FAIL,0.17457344227236,0.0386942122334593,0.000251543508851716,0.660016783795285,0.858454135879713,1,PASS,FAIL,WARNING,PASS,WARNING,PASS,Underexposure
class_0\388279491b5d.png,class_0,388279491b5d.png,PASS,0.408871203019373,0.0856621656055321,0.000927495895694248,0.474178949991862,1.14952426048422,1,PASS,PASS,PASS,PASS,PASS,PASS,
class_0\3a643599f852.png,class_0,3a643599f852.png,WARNING,0.210927987896546,0.0532106447738087,0.000191379887703229,0.327937761942546,1.26764623602094,1,WARNING,WARNING,PASS,WARNING,WARNING,PASS,
class_0\3ac92ac3d65a.png,class_0,3ac92ac3d65a.png,PASS,0.446515929309699,0.0634782450039293,0.000768726904526202,0.473828951517741,1.02853414922985,1,PASS,PASS,PASS,PASS,PASS,PASS,
class_0\3b5dffe159b6.png,class_0,3b5dffe159b6.png,PASS,0.443859104513545,0.0729512605405832,0.000972170570185154,0.787187301587302,1.09321261244735,1,PASS,PASS,PASS,PASS,PASS,PASS,
class_0\3c42512c81e0.png,class_0,3c42512c81e0.png,WARNING,0.510614805569359,0.0761327859908022,0.00116876908115549,0.788819047619048,1.10128091096995,1,PASS,WARNING,PASS,PASS,PASS,PASS,
class_0\3c9529918097.png,class_0,3c9529918097.png,PASS,0.412679003031771,0.0543511512217229,0.0010329282628495,0.787774149659864,1.08851065759088,1,PASS,PASS,PASS,PASS,PASS,PASS,
class_0\3cdef7c591cc.png,class_0,3cdef7c591cc.png,PASS,0.37403872097883,0.0538876103968437,0.000639131590186974,0.473857846822016,1.08450841321825,1,PASS,PASS,PASS,PASS,PASS,PASS,
class_0\3ce2f8a77a32.png,class_0,3ce2f8a77a32.png,PASS,0.303150479261644,0.0688814945483219,0.000437952802121363,0.473668098449707,1.15213320159342,1,PASS,PASS,PASS,PASS,PASS,PASS,
class_0\3f44d749cd0b.png,class_0,3f44d749cd0b.png,PASS,0.363065356926228,0.048494640950918,0.00091779707403849,0.832043767357402,1.03118896628636,1,PASS,PASS,PASS,PASS,PASS,PASS,
class_0\3f6c627e2ff2.png,class_0,3f6c627e2ff2.png,PASS,0.42189493325902,0.0521929034548572,0.00107322698626669,0.786897959183673,1.09647114888178,1,PASS,PASS,PASS,PASS,PASS,PASS,
class_0\3f98be586fe3.png,class_0,3f98be586fe3.png,PASS,0.399465413719756,0.0573544806524791,0.000788640862634394,0.786554195011338,1.12980557910354,1,PASS,PASS,PASS,PASS,PASS,PASS,
class_0\401fdfd0db07.png,class_0,401fdfd0db07.png,PASS,0.418284157605427,0.0579224875759475,0.00123835582303601,0.786319274376417,1.0556375547048,1,PASS,PASS,PASS,PASS,PASS,PASS,
class_0\405085b53d7b.png,class_0,405085b53d7b.png,PASS,0.431926285636385,0.0583557495639925,0.00119014706542453,0.787570975056689,1.04643529238053,1,PASS,PASS,PASS,PASS,PASS,PASS,
class_0\40c24aded50c.png,class_0,40c24aded50c.png,PASS,0.439759832650559,0.0492431115799695,0.0010620726599117,0.787286167800453,1.08547665047948,1,PASS,PASS,PASS,PASS,PASS,PASS,
class_0\42b9c1977681.png,class_0,42b9c1977681.png,WARNING,0.415890784538614,0.0691490832548971,0.00150791639834827,0.786879818594104,1.1233176127908,1,WARNING,PASS,PASS,PASS,PASS,PASS,
class_0\43f22d1be8dd.png,class_0,43f22d1be8dd.png,PASS,0.408757769847279,0.041497093211108,0.000856378505962248,0.474301304920197,1.0176927032919,1,PASS,PASS,PASS,PASS,PASS,PASS,
class_0\44271f3cb18f.png,class_0,44271f3cb18f.png,PASS,0.301487825356844,0.0475712216435743,0.000654935197782519,0.473684838505685,0.987867491867118,1,PASS,PASS,PASS,PASS,PASS,PASS,
class_0\44878f34e31f.png,class_0,44878f34e31f.png,PASS,0.341997182608074,0.0609343337605032,0.000838876489729676,0.78540589569161,1.25287265810051,1,PASS,PASS,PASS,PASS,PASS,PASS,
class_0\44976c3b11a6.png,class_0,44976c3b11a6.png,WARNING,0.276939700327418,0.0786672191083521,0.000369117728447596,0.893648377914568,1.30457555148354,1,PASS,PASS,PASS,WARNING,WARNING,PASS,
class_0\44a4d04162cc.png,class_0,44a4d04162cc.png,PASS,0.375010419817856,0.0766499252397211,0.0013323655105537,0.784673922902494,1.15437257216839,1,PASS,PASS,PASS,PASS,PASS,PASS,
class_0\4554062fa836.png,class_0,4554062fa836.png,FAIL,0.26807815330094,0.094314086592753,0.000467836095878734,0.739298254061726,0.776939988659469,1,PASS,PASS,PASS,PASS,FAIL,PASS,Uneven Illumination
class_0\4826d10030b3.png,class_0,4826d10030b3.png,PASS,0.400071500440561,0.0541920933751258,0.000960362885622856,0.787654421768707,1.03712829454234,1,PASS,PASS,PASS,PASS,PASS,PASS,
class_0\486e852a3b4d.png,class_0,486e852a3b4d.png,WARNING,0.225497491005294,0.0709835952493808,0.000411636251881292,0.754194954520687,0.841521845352198,1,PASS,PASS,PASS,PASS,WARNING,PASS,
class_0\4926dea289f8.png,class_0,4926dea289f8.png,PASS,0.401235815528269,0.0742773794303347,0.000974862793613924,0.786557823129252,1.080192287617,1,PASS,PASS,PASS,PASS,PASS,PASS,
class_0\493d99f030e2.png,class_0,493d99f030e2.png,PASS,0.302403449560565,0.0740608511626398,0.00051466522777111,0.855793534392253,1.12810813178321,1,PASS,PASS,PASS,PASS,PASS,PASS,
class_0\4958bfcc9f38.png,class_0,4958bfcc9f38.png,PASS,0.401576292184792,0.0723959079493898,0.000872735208812541,0.786228571428571,1.20460969698252,1,PASS,PASS,PASS,PASS,PASS,PASS,
class_0\4982378d72f9.png,class_0,4982378d72f9.png,PASS,0.425122538185515,0.0827510376909726,0.000777740975809821,0.474646250406901,1.07233306957527,1,PASS,PASS,PASS,PASS,PASS,PASS,
class_0\4a05f81b3aba.png,class_0,4a05f81b3aba.png,PASS,0.215913295214041,0.0920470405373642,0.000302345510856101,0.72323044310015,1.11333182491534,1,PASS,PASS,PASS,PASS,PASS,PASS,
class_0\4ab8c0cece7f.png,class_0,4ab8c0cece7f.png,PASS,0.36039143037592,0.0714940677536736,0.000800871444233233,0.784360997732426,1.08681889678004,1,PASS,PASS,PASS,PASS,PASS,PASS,
class_0\4b6895d0cf8d.png,class_0,4b6895d0cf8d.png,WARNING,0.203542595049512,0.0967621593476156,0.000248983743039338,0.510143855420728,1.29454887057173,1,PASS,WARNING,PASS,PASS,WARNING,PASS,
class_0\4b6cb0bcfd44.png,class_0,4b6cb0bcfd44.png,WARNING,0.32296827598628,0.0736043018002185,0.000383608054267574,0.47233517964681,1.14417771270281,1,PASS,PASS,PASS,WARNING,PASS,PASS,
class_0\4c635a01593d.png,class_0,4c635a01593d.png,WARNING,0.343076421525663,0.0601601785716008,0.000593691965074253,0.473306973775228,1.10825054215166,1,PASS,PASS,PASS,WARNING,PASS,PASS,
class_0\4c6c5a1bf5ab.png,class_0,4c6c5a1bf5ab.png,PASS,0.225693979006771,0.0754746402308943,0.000384094162725492,0.767242167893634,1.17985466873623,1,PASS,PASS,PASS,PASS,PASS,PASS,
class_0\4cf4d528c08e.png,class_0,4cf4d528c08e.png,FAIL,0.332516609654532,0.0770355629178289,0.0011065858971284,0.474598248799642,0.761839910483697,1,PASS,PASS,PASS,PASS,FAIL,PASS,Uneven Illumination
class_0\4d17559ac1e2.png,class_0,4d17559ac1e2.png,PASS,0.245927030491652,0.104907185657642,0.000387035457297392,0.797352793517026,1.24768928029584,1,PASS,PASS,PASS,PASS,PASS,PASS,
class_0\4d1e7def7624.png,class_0,4d1e7def7624.png,WARNING,0.269612860127499,0.0768082006722638,0.000408673210199123,0.648989877062833,0.89505878833741,1,PASS,PASS,PASS,PASS,WARNING,PASS,
class_0\4d3de40ced3a.png,class_0,4d3de40ced3a.png,PASS,0.399539953807121,0.0685930689740078,0.00103337994720655,0.78787664399093,1.09685650061788,1,PASS,PASS,PASS,PASS,PASS,PASS,
class_0\4e1e252317b5.png,class_0,4e1e252317b5.png,PASS,0.438800961320975,0.061176715718304,0.00105191597802302,0.789126530612245,1.00610977011146,1,PASS,PASS,PASS,PASS,PASS,PASS,
class_0\4e231670b48c.png,class_0,4e231670b48c.png,WARNING,0.362184975801098,0.0770631671878506,0.00110989432114996,0.785771428571429,1.31208895129648,1,PASS,PASS,PASS,PASS,WARNING,PASS,
class_0\4e85aa647534.png,class_0,4e85aa647534.png,PASS,0.327683593798183,0.0795070174860665,0.00081247862451804,0.474181988839969,0.940169764591018,1,PASS,PASS,PASS,PASS,PASS,PASS,
class_0\4eabad7948cf.png,class_0,4eabad7948cf.png,WARNING,0.196874534792862,0.0462479381214478,0.000247777792426073,0.464850743611654,1.04765355722782,1,PASS,WARNING,PASS,WARNING,PASS,PASS,
class_0\4f5dd7660b17.png,class_0,4f5dd7660b17.png,PASS,0.386518254660169,0.0416291050570953,0.000885578818521092,0.832095744193854,1.11319694639101,1,PASS,PASS,PASS,PASS,PASS,PASS,
class_0\4f6abc40c72d.png,class_0,4f6abc40c72d.png,PASS,0.365439650850847,0.0537365975670377,0.000717587468845059,0.785860317460317,1.10631450298649,1,PASS,PASS,PASS,PASS,PASS,PASS,
class_0\4faf4063db8c.png,class_0,4faf4063db8c.png,PASS,0.395227070582452,0.0608840262487271,0.000986851560973228,0.786569614512472,1.15050001514182,1,PASS,PASS,PASS,PASS,PASS,PASS,
class_0\504a69096fcb.png,class_0,504a69096fcb.png,PASS,0.403598120851834,0.0830998761894834,0.00114053069029773,0.786785487528345,1.19437210662601,1,PASS,PASS,PASS,PASS,PASS,PASS,
class_0\5056fa7d505f.png,class_0,5056fa7d505f.png,WARNING,0.239312002519376,0.0852756749942355,0.00030866349329596,0.788456566958196,0.854122133440413,1,PASS,PASS,PASS,PASS,WARNING,PASS,
class_0\5069feccd866.png,class_0,5069feccd866.png,WARNING,0.234858683265076,0.0523778466032315,0.000347024112742584,0.472552299499512,0.961994110218929,1,PASS,PASS,PASS,WARNING,PASS,PASS,
class_0\5077cdb88aed.png,class_0,5077cdb88aed.png,PASS,0.430554263464403,0.0510366320589711,0.00105503618683233,0.788586848072562,1.04111830080618,1,PASS,PASS,PASS,PASS,PASS,PASS,
class_0\50916d67bb51.png,class_0,50916d67bb51.png,PASS,0.440914370937549,0.0660972871599612,0.000848744263175234,0.786566893424036,1.06752661073724,1,PASS,PASS,PASS,PASS,PASS,PASS,
class_0\50d8249f7bc9.png,class_0,50d8249f7bc9.png,WARNING,0.454650179602253,0.10987955063321,0.000842132318752058,0.474087715148926,1.17025474641076,1,PASS,PASS,WARNING,PASS,PASS,PASS,
class_0\519c6e8f78dc.png,class_0,519c6e8f78dc.png,PASS,0.331010638361489,0.0506296109204831,0.000667392976824144,0.474266370137533,1.0658760096139,1,PASS,PASS,PASS,PASS,PASS,PASS,
class_0\5293576816aa.png,class_0,5293576816aa.png,WARNING,0.397194661426541,0.0741785127850624,0.000860661274983873,0.785557369614513,1.29767145048544,1,PASS,PASS,PASS,PASS,WARNING,PASS,
class_0\52ddde91a349.png,class_0,52ddde91a349.png,PASS,0.41645327970302,0.0638781065295802,0.0010749042633008,0.78662947845805,1.16969340075737,1,PASS,PASS,PASS,PASS,PASS,PASS,
class_0\549381330191.png,class_0,549381330191.png,PASS,0.364528960021148,0.0637836519671352,0.00101099474510635,0.785814058956916,1.1069380036169,1,PASS,PASS,PASS,PASS,PASS,PASS,
class_0\55968f0e63c4.png,class_0,55968f0e63c4.png,PASS,0.39802039140904,0.047243672350498,0.000890964572415871,0.787667120181406,1.11033698103597,1,PASS,PASS,PASS,PASS,PASS,PASS,
class_0\55f7f018c61c.png,class_0,55f7f018c61c.png,WARNING,0.234895298048393,0.0829894241490972,0.000186605900308459,0.84636011575386,1.21152576921607,1,WARNING,PASS,PASS,PASS,PASS,PASS,
class_0\568455854a11.png,class_0,568455854a11.png,PASS,0.35753603820792,0.0674870896603003,0.000657190901660161,0.473818074795273,1.12102064566098,1,PASS,PASS,PASS,PASS,PASS,PASS,
class_0\57a5e4274275.png,class_0,57a5e4274275.png,PASS,0.38127988945962,0.0625212722250189,0.000748549846540257,0.474075317382812,1.04239385054457,1,PASS,PASS,PASS,PASS,PASS,PASS,
class_0\596f4fdb0004.png,class_0,596f4fdb0004.png,WARNING,0.421823723889638,0.0798237089458442,0.0013651027727928,0.786373696145125,1.25834192570187,1,WARNING,PASS,PASS,PASS,PASS,PASS,
class_0\5baed382f062.png,class_0,5baed382f062.png,WARNING,0.320105816572131,0.0615348902839347,0.000411703169944621,0.472903318180191,1.02653855009923,1,PASS,PASS,PASS,WARNING,PASS,PASS,
class_0\5bea250d8bf5.png,class_0,5bea250d8bf5.png,PASS,0.43141255614231,0.0517822208543503,0.00101460843267429,0.788530612244898,1.08852720707661,1,PASS,PASS,PASS,PASS,PASS,PASS,
class_0\5c817060c0ed.png,class_0,5c817060c0ed.png,PASS,0.360121738551063,0.0724168132444327,0.000836874805700595,0.784770975056689,1.18066800922096,1,PASS,PASS,PASS,PASS,PASS,PASS,
class_0\5de4615a5161.png,class_0,5de4615a5161.png,PASS,0.360904200386486,0.0538008155028588,0.000870083238265373,0.78683537414966,1.01267133926266,1,PASS,PASS,PASS,PASS,PASS,PASS,
class_0\60edda7b4871.png,class_0,60edda7b4871.png,WARNING,0.236123890302423,0.0412335195800653,0.000349035525641735,0.471345901489258,0.9822733370983,1,PASS,PASS,PASS,WARNING,PASS,PASS,
class_0\63b71347e95d.png,class_0,63b71347e95d.png,PASS,0.374008386056267,0.0631713240443743,0.000801113249294096,0.78577052154195,1.0423758973254,1,PASS,PASS,PASS,PASS,PASS,PASS,
class_0\65a3b13ad9a0.png,class_0,65a3b13ad9a0.png,PASS,0.243737513907181,0.0617797263482437,0.000529644460893225,0.778538859599597,1.04818061137154,1,PASS,PASS,PASS,PASS,PASS,PASS,
class_0\65e6f1bd9875.png,class_0,65e6f1bd9875.png,PASS,0.257167507458736,0.0661041182816311,0.000321968531584225,0.854513366476533,1.11108098483259,1,PASS,PASS,PASS,PASS,PASS,PASS,
class_0\66366a90d1ef.png,class_0,66366a90d1ef.png,WARNING,0.282316530294892,0.066956788938682,0.000320049240520488,0.884783900867207,1.13848191404135,1,PASS,PASS,PASS,WARNING,PASS,PASS,
class_0\66393d8c60ba.png,class_0,66393d8c60ba.png,FAIL,0.367396601017167,0.0836174847959125,0.00105538326232727,0.784925170068027,1.36837782169576,1,PASS,PASS,PASS,PASS,FAIL,PASS,Uneven Illumination
class_0\66460ecab347.png,class_0,66460ecab347.png,FAIL,0.195587249013357,0.0611841862285091,0.000196701105582123,0.128609339396159,1.04272689219566,1,WARNING,WARNING,PASS,FAIL,PASS,PASS,Other
class_0\66bfec8d6bcd.png,class_0,66bfec8d6bcd.png,PASS,0.450366680051739,0.0715175326259787,0.00101521511826839,0.78739410430839,1.14452274962396,1,PASS,PASS,PASS,PASS,PASS,PASS,
class_0\6b30767595d8.png,class_0,6b30767595d8.png,PASS,0.386513709550037,0.0811625621614888,0.000613627580409711,0.473778406778971,1.18244265618831,1,PASS,PASS,PASS,PASS,PASS,PASS,
class_0\6b664ed2a938.png,class_0,6b664ed2a938.png,PASS,0.380530550251879,0.0983690784879943,0.000641604964845247,0.473950386047363,1.24523374063066,1,PASS,PASS,PASS,PASS,PASS,PASS,
class_0\6c30dd481717.png,class_0,6c30dd481717.png,PASS,0.352469838517837,0.0540697753575163,0.00078833768815417,0.473907561855445,1.06118379278449,1,PASS,PASS,PASS,PASS,PASS,PASS,
class_0\6c3589d7ed8d.png,class_0,6c3589d7ed8d.png,WARNING,0.433311112019273,0.101949636887639,0.00141490011640681,0.785946485260771,1.22602669348738,1,WARNING,PASS,PASS,PASS,PASS,PASS,
class_0\6c4ec95dd8ba.png,class_0,6c4ec95dd8ba.png,WARNING,0.201022039491557,0.043241023920788,0.000173160485430902,0.488064461891373,1.09514748585383,1,WARNING,WARNING,PASS,PASS,PASS,PASS,
class_0\6cb96a6fb029.png,class_0,6cb96a6fb029.png,FAIL,0.206176049146316,0.0514678633693231,0.000182714252753614,0.181326548258464,1.16650304567894,1,WARNING,WARNING,PASS,FAIL,PASS,PASS,Other
class_0\6d4f6c9a8406.png,class_0,6d4f6c9a8406.png,PASS,0.358308858787099,0.0456159316217444,0.00081597119874131,0.786273922902494,1.08647896871317,1,PASS,PASS,PASS,PASS,PASS,PASS,
class_0\6dc07f968794.png,class_0,6dc07f968794.png,PASS,0.323712279172979,0.0419921113172537,0.000879135220688934,0.786419047619048,1.06916304284669,1,PASS,PASS,PASS,PASS,PASS,PASS,
class_0\6e092caa065f.png,class_0,6e092caa065f.png,PASS,0.383858710331843,0.0576323196658521,0.000954752035882653,0.786574149659864,1.15148647563348,1,PASS,PASS,PASS,PASS,PASS,PASS,
class_0\6e1db8711879.png,class_0,6e1db8711879.png,WARNING,0.280105973830243,0.0508394625897326,0.000567493553078287,0.47319761912028,1.15697805939501,1,PASS,PASS,PASS,WARNING,PASS,PASS,
class_0\6fbaaf8eb67a.png,class_0,6fbaaf8eb67a.png,PASS,0.246097385818358,0.0636538164125552,0.000312822424987642,0.763614959054698,1.00840672408683,1,PASS,PASS,PASS,PASS,PASS,PASS,
class_0\705f508d1e42.png,class_0,705f508d1e42.png,PASS,0.387814114504861,0.0765903661168862,0.00107542292776579,0.785157369614512,1.21985567047992,1,PASS,PASS,PASS,PASS,PASS,PASS,
class_0\7179f85bfd6f.png,class_0,7179f85bfd6f.png,PASS,0.23450613561131,0.0969923333856707,0.000318549046175412,0.774675559691846,1.04653061349105,1,PASS,PASS,PASS,PASS,PASS,PASS,
class_0\7269a1d84a57.png,class_0,7269a1d84a57.png,FAIL,0.204730564024263,0.0662712096712194,0.000317395519904945,0.148333231608073,1.1832827660344,1,PASS,WARNING,PASS,FAIL,PASS,PASS,Other
class_0\73d40ce06a67.png,class_0,73d40ce06a67.png,WARNING,0.382188835358821,0.073409111308561,0.000945037631386396,0.785130158730159,1.26732126486224,1,PASS,PASS,PASS,PASS,WARNING,PASS,
class_0\74211a2b6dcf.png,class_0,74211a2b6dcf.png,PASS,0.247909899117585,0.0785448214545247,0.000408954199080465,0.630158561633563,1.23815526803124,1,PASS,PASS,PASS,PASS,PASS,PASS,
class_0\74898f372d2b.png,class_0,74898f372d2b.png,WARNING,0.212674414391509,0.0580502600919043,0.000334046983692641,0.740832403187178,1.099276861846,1,PASS,WARNING,PASS,PASS,PASS,PASS,
class_0\763ad1236efe.png,class_0,763ad1236efe.png,PASS,0.401347283884294,0.0604351573865466,0.00091273682890971,0.786282993197279,1.13411748949604,1,PASS,PASS,PASS,PASS,PASS,PASS,
class_0\76bc31e0d3be.png,class_0,76bc31e0d3be.png,PASS,0.425525441743478,0.0720740614575738,0.000969419723811076,0.474132537841797,1.03721240641957,1,PASS,PASS,PASS,PASS,PASS,PASS,
class_0\77a1f1398fdb.png,class_0,77a1f1398fdb.png,WARNING,0.299513701648513,0.0983322538527976,0.000525057243799087,0.886801936493252,1.08028277299256,1,PASS,PASS,PASS,WARNING,PASS,PASS,
class_0\77ab222bf85c.png,class_0,77ab222bf85c.png,FAIL,0.494697867019259,0.0900223132637799,0.00235041288537604,0.475524294742536,0.824330376396244,1,FAIL,WARNING,PASS,PASS,WARNING,PASS,High Sharpness
class_0\77e15f213b04.png,class_0,77e15f213b04.png,FAIL,0.543507595350339,0.115073668124613,0.00143935647236248,0.474724133809408,1.13700381512039,1,WARNING,FAIL,WARNING,PASS,PASS,PASS,Overexposure
class_0\78937523f7a8.png,class_0,78937523f7a8.png,PASS,0.370321182376219,0.0530064297427453,0.000848508287774227,0.474062672759741,1.06880224735611,1,PASS,PASS,PASS,PASS,PASS,PASS,
class_0\789c60cba801.png,class_0,789c60cba801.png,PASS,0.353984032788875,0.0464335155844646,0.000723069546968918,0.474229715272061,1.04356064983066,1,PASS,PASS,PASS,PASS,PASS,PASS,
class_0\79ade634c633.png,class_0,79ade634c633.png,WARNING,0.19177119296675,0.0450571818515537,0.000206402289371056,0.308915774027507,0.934799330135029,1,WARNING,WARNING,PASS,WARNING,PASS,PASS,
class_0\79cbae28d8b2.png,class_0,79cbae28d8b2.png,PASS,0.413465146775591,0.0642780790107355,0.000872205013041414,0.78647619047619,1.19431684103258,1,PASS,PASS,PASS,PASS,PASS,PASS,
class_0\7a12f49e29df.png,class_0,7a12f49e29df.png,PASS,0.236481881519508,0.0606251301955144,0.000263577020481013,0.716108605285967,1.03359248616571,1,PASS,PASS,PASS,PASS,PASS,PASS,
class_0\7a39c91416e2.png,class_0,7a39c91416e2.png,PASS,0.429532050562639,0.0737583289595454,0.00117273567880395,0.787757823129252,1.18582826572757,1,PASS,PASS,PASS,PASS,PASS,PASS,
class_0\7b87b0015282.png,class_0,7b87b0015282.png,PASS,0.420150347164976,0.0645813566131007,0.00106067527693548,0.787040362811791,1.10256633176807,1,PASS,PASS,PASS,PASS,PASS,PASS,
class_0\7d11dbc1e738.png,class_0,7d11dbc1e738.png,PASS,0.42685856356081,0.0796897712802078,0.00124012074810432,0.474679311116536,1.06339324723459,1,PASS,PASS,PASS,PASS,PASS,PASS,
class_0\7e77b61e1639.png,class_0,7e77b61e1639.png,PASS,0.347012690440629,0.0559909903338557,0.000790195098525732,0.78478820861678,1.24338686008316,1,PASS,PASS,PASS,PASS,PASS,PASS,
class_0\7ed4128b2a4e.png,class_0,7ed4128b2a4e.png,PASS,0.397085278970677,0.0779818307457174,0.00104290976159379,0.786038095238095,1.14804549900079,1,PASS,PASS,PASS,PASS,PASS,PASS,
class_0\7f2123bc89a3.png,class_0,7f2123bc89a3.png,PASS,0.331524168524266,0.0721246524281294,0.000560107533841144,0.473863812626028,1.11992513515571,1,PASS,PASS,PASS,PASS,PASS,PASS,
class_0\810ed108f5b7.png,class_0,810ed108f5b7.png,PASS,0.378633469555635,0.0490507174390075,0.00078199005496829,0.474640528361003,1.03877119510949,1,PASS,PASS,PASS,PASS,PASS,PASS,
class_0\81371b0c01ad.png,class_0,81371b0c01ad.png,PASS,0.336741091990636,0.0697505515233163,0.000717836503280821,0.473740519343125,1.07280102936978,1,PASS,PASS,PASS,PASS,PASS,PASS,
class_0\840a06a9c690.png,class_0,840a06a9c690.png,PASS,0.392173534721939,0.0693399694776096,0.000971043216419629,0.785557369614513,1.17051645171591,1,PASS,PASS,PASS,PASS,PASS,PASS,
class_0\8433a032b96c.png,class_0,8433a032b96c.png,WARNING,0.437365888810941,0.128537781225682,0.00143246061206933,0.474832534790039,0.919628852007704,1,WARNING,PASS,WARNING,PASS,WARNING,PASS,
class_0\84b4da14bc23.png,class_0,84b4da14bc23.png,PASS,0.368552452060955,0.0503740581481709,0.000671637941662906,0.785913832199546,1.15456188033617,1,PASS,PASS,PASS,PASS,PASS,PASS,
class_0\8660e1864665.png,class_0,8660e1864665.png,PASS,0.412907328912123,0.0631143652966814,0.00111442499216229,0.786585034013605,1.07696341298421,1,PASS,PASS,PASS,PASS,PASS,PASS,
class_0\8693ab1fd2be.png,class_0,8693ab1fd2be.png,WARNING,0.191476738098116,0.0479241780473765,0.000291879513042837,0.724192926147324,0.970941281225303,1,PASS,WARNING,PASS,PASS,PASS,PASS,
class_0\87d46b1cc4e9.png,class_0,87d46b1cc4e9.png,FAIL,0.193206093836421,0.0389521921510869,0.000176164748050713,0.130582491556803,1.18425213550149,1,WARNING,WARNING,PASS,FAIL,PASS,PASS,Other
class_0\883c6a184f16.png,class_0,883c6a184f16.png,PASS,0.366183233629369,0.0636471001915141,0.000907210549553645,0.786285714285714,1.07331732926217,1,PASS,PASS,PASS,PASS,PASS,PASS,
class_0\8846b09384a4.png,class_0,8846b09384a4.png,WARNING,0.204218672129791,0.0893507302735278,0.000237274889951158,0.480935424438715,0.831774934222772,1,PASS,WARNING,PASS,PASS,WARNING,PASS,
class_0\898f0bc8acfa.png,class_0,898f0bc8acfa.png,PASS,0.356595736773579,0.0708097138745787,0.000556335871697969,0.473640441894531,1.10718417886423,1,PASS,PASS,PASS,PASS,PASS,PASS,
class_0\8a3eb86ae4bd.png,class_0,8a3eb86ae4bd.png,WARNING,0.499530689816078,0.0750542270626783,0.00113064624619149,0.47454039255778,1.20961758226368,1,PASS,WARNING,PASS,PASS,PASS,PASS,
class_0\8a8a251770cd.png,class_0,8a8a251770cd.png,PASS,0.425885155780505,0.0608512920040304,0.00112851800637347,0.787834013605442,1.14922670290787,1,PASS,PASS,PASS,PASS,PASS,PASS,
class_0\8b568d47a1fd.png,class_0,8b568d47a1fd.png,PASS,0.382083262385174,0.0569000712029914,0.000931438318884288,0.786177777777778,1.13125149415944,1,PASS,PASS,PASS,PASS,PASS,PASS,
class_0\8bf05909e1e1.png,class_0,8bf05909e1e1.png,WARNING,0.384552275176579,0.0792033720408886,0.0010901387254347,0.785414058956916,1.33276704876402,1,PASS,PASS,PASS,PASS,WARNING,PASS,
class_0\8bf2d925dc0c.png,class_0,8bf2d925dc0c.png,WARNING,0.476318108213291,0.0556734865900173,0.00114231987191819,0.788119727891156,1.08440045284492,1,PASS,WARNING,PASS,PASS,PASS,PASS,
class_0\8d13c46e7d75.png,class_0,8d13c46e7d75.png,PASS,0.387094762062446,0.0541259791282814,0.000829415555616794,0.785971882086168,1.16813311481951,1,PASS,PASS,PASS,PASS,PASS,PASS,
class_0\8f9819752ca0.png,class_0,8f9819752ca0.png,WARNING,0.372551982472346,0.078108263784918,0.000992019939963938,0.785140136054422,1.3018037289089,1,PASS,PASS,PASS,PASS,WARNING,PASS,
class_0\91f3c4c1e72b.png,class_0,91f3c4c1e72b.png,WARNING,0.373578583207329,0.116533241708545,0.000991293191927006,0.692358895381055,0.99136230333063,1,PASS,PASS,WARNING,PASS,PASS,PASS,
class_0\92e3d608fd3c.png,class_0,92e3d608fd3c.png,PASS,0.382970181081767,0.0682446261623702,0.00111176475916931,0.785887528344671,1.24663638923127,1,PASS,PASS,PASS,PASS,PASS,PASS,
class_0\930fee99213a.png,class_0,930fee99213a.png,PASS,0.42114315470147,0.0698179568773741,0.0012652122919709,0.786155102040816,1.13063615883188,1,PASS,PASS,PASS,PASS,PASS,PASS,
class_0\937bc1b924b1.png,class_0,937bc1b924b1.png,WARNING,0.464311453185142,0.0572126936159322,0.00135495558822507,0.787689795918367,1.10431779535225,1,WARNING,WARNING,PASS,PASS,PASS,PASS,
class_0\93a1b984de84.png,class_0,93a1b984de84.png,PASS,0.396413571058035,0.0555794641344915,0.000986978875169701,0.787059410430839,1.16711198885604,1,PASS,PASS,PASS,PASS,PASS,PASS,
class_0\94145d1f42cf.png,class_0,94145d1f42cf.png,WARNING,0.387178548728993,0.112996719528073,0.00105862580238439,0.474390347798665,0.910280776574004,1,PASS,PASS,WARNING,PASS,WARNING,PASS,
class_0\949710bead24.png,class_0,949710bead24.png,PASS,0.399844570500574,0.0582689274683717,0.000990088853499875,0.7869179138322,1.06395387421712,1,PASS,PASS,PASS,PASS,PASS,PASS,
class_0\94b9ccc73bb9.png,class_0,94b9ccc73bb9.png,WARNING,0.365106907439435,0.0565412360085548,0.00107171393509149,0.474683116376927,0.890507660062847,1,PASS,PASS,PASS,PASS,WARNING,PASS,
class_0\956765d5f46d.png,class_0,956765d5f46d.png,PASS,0.285153474807521,0.0592269414321871,0.000687280213286959,0.795464398070261,1.05959697645421,1,PASS,PASS,PASS,PASS,PASS,PASS,
class_0\962c0fc85e13.png,class_0,962c0fc85e13.png,PASS,0.424639025674325,0.0602125194401268,0.000793462450425014,0.474786440531413,1.10600758236481,1,PASS,PASS,PASS,PASS,PASS,PASS,
class_0\969f92a390db.png,class_0,969f92a390db.png,WARNING,0.474133426336996,0.0654526104831891,0.00132012280881868,0.78755283446712,1.06139273744741,1,PASS,WARNING,PASS,PASS,PASS,PASS,
class_0\96b5474ae604.png,class_0,96b5474ae604.png,PASS,0.453211137777496,0.0447918228750672,0.00102492280403875,0.787634467120181,1.07196587674886,1,PASS,PASS,PASS,PASS,PASS,PASS,
class_0\96c699221180.png,class_0,96c699221180.png,WARNING,0.366532218005974,0.0777732864057426,0.00102505496728723,0.785902947845805,1.32459052824242,1,PASS,PASS,PASS,PASS,WARNING,PASS,
class_0\96ea316ed0ab.png,class_0,96ea316ed0ab.png,WARNING,0.30491404018072,0.0928529694850522,0.000514502912524244,0.47322348299547,1.16582948771309,1,PASS,PASS,PASS,WARNING,PASS,PASS,
class_0\971bb98ab935.png,class_0,971bb98ab935.png,PASS,0.399680782482392,0.0885177978956035,0.00108271996253221,0.474378860372346,1.16974549890568,1,PASS,PASS,PASS,PASS,PASS,PASS,
class_0\974c7d7b9c64.png,class_0,974c7d7b9c64.png,PASS,0.444839002256513,0.0595984499644294,0.00100769297087439,0.787559183673469,1.13216419417175,1,PASS,PASS,PASS,PASS,PASS,PASS,
class_0\991a0b7a8c87.png,class_0,991a0b7a8c87.png,WARNING,0.324610856137493,0.0869675105505515,0.000560314237847676,0.473587397040166,1.22116655630786,1,PASS,PASS,PASS,WARNING,PASS,PASS,
class_0\996f9bba4ef0.png,class_0,996f9bba4ef0.png,PASS,0.409406552928486,0.0745656199472586,0.000975577637419313,0.786772789115646,1.19373608340911,1,PASS,PASS,PASS,PASS,PASS,PASS,
class_0\999ad827ed35.png,class_0,999ad827ed35.png,PASS,0.415782174008071,0.0565869766886097,0.00105612686013634,0.786545124716553,1.12795163420295,1,PASS,PASS,PASS,PASS,PASS,PASS,
class_0\99c6a123ed6a.png,class_0,99c6a123ed6a.png,WARNING,0.465575649585575,0.0491739712707632,0.000983521913931366,0.788355555555556,1.0984838628227,1,PASS,WARNING,PASS,PASS,PASS,PASS,
class_0\9a159d4674cd.png,class_0,9a159d4674cd.png,PASS,0.37536498532858,0.0619222104221788,0.0010646304060947,0.474358974358974,1.03022168463051,1,PASS,PASS,PASS,PASS,PASS,PASS,
class_0\9ae54843c69a.png,class_0,9ae54843c69a.png,WARNING,0.222362940652939,0.0663267127967974,0.000240438357690358,0.627283660108018,0.888964782274606,1,PASS,PASS,PASS,PASS,WARNING,PASS,
class_0\9b4fc15df3c8.png,class_0,9b4fc15df3c8.png,WARNING,0.262880419468068,0.0695744907902134,0.000314104660208481,0.467428698699057,1.12227453779604,1,PASS,PASS,PASS,WARNING,PASS,PASS,
class_0\9cf7c1349673.png,class_0,9cf7c1349673.png,PASS,0.306423430762794,0.0732845428175966,0.000992685125570916,0.784598639455782,1.13770972983081,1,PASS,PASS,PASS,PASS,PASS,PASS,
class_0\9e2058917304.png,class_0,9e2058917304.png,PASS,0.392438386275582,0.0603310200381018,0.000929967186683335,0.786247619047619,1.1614206110211,1,PASS,PASS,PASS,PASS,PASS,PASS,
class_0\9e7a63b2fc6a.png,class_0,9e7a63b2fc6a.png,WARNING,0.323408287174604,0.0981950928096234,0.00057382385130956,0.899828192664186,1.20456960610565,1,PASS,PASS,PASS,WARNING,PASS,PASS,
class_0\9e99ae6ee7af.png,class_0,9e99ae6ee7af.png,PASS,0.332205297234727,0.0587103515443062,0.000706081633927028,0.473864555358887,1.00194295258335,1,PASS,PASS,PASS,PASS,PASS,PASS,
class_0\9f8112c710be.png,class_0,9f8112c710be.png,WARNING,0.24630212942909,0.0604756719596593,0.000660227348125516,0.777497505668934,1.27911293838924,1,PASS,PASS,PASS,PASS,WARNING,PASS,
class_0\9fa02dfb5553.png,class_0,9fa02dfb5553.png,PASS,0.380794257129221,0.0717197684848057,0.00114042859001841,0.786524263038549,1.18231657091376,1,PASS,PASS,PASS,PASS,PASS,PASS,
class_0\a0b7ad98df57.png,class_0,a0b7ad98df57.png,PASS,0.377011471932603,0.0544694083137166,0.00086391861713231,0.785814058956916,1.14371382497242,1,PASS,PASS,PASS,PASS,PASS,PASS,
class_0\a0e635689259.png,class_0,a0e635689259.png,PASS,0.310282241139039,0.0554695564425155,0.000454665724418634,0.473756428153822,1.1132370206281,1,PASS,PASS,PASS,PASS,PASS,PASS,
class_0\a0fd94e2ad76.png,class_0,a0fd94e2ad76.png,PASS,0.412827524147628,0.0629019796429018,0.00092509226740295,0.787163718820862,1.02147271065212,1,PASS,PASS,PASS,PASS,PASS,PASS,
class_0\a11c62cb3f86.png,class_0,a11c62cb3f86.png,PASS,0.265393596506831,0.10543712444031,0.000502683641041887,0.821285638280237,1.04889877422605,1,PASS,PASS,PASS,PASS,PASS,PASS,
class_0\a1e236fbc863.png,class_0,a1e236fbc863.png,WARNING,0.214312857173928,0.0871795291016709,0.000305907136940712,0.469711613034089,0.970471830824805,1,PASS,WARNING,PASS,WARNING,PASS,PASS,
class_0\a2811f512c1c.png,class_0,a2811f512c1c.png,PASS,0.346302258133441,0.0533905856088939,0.000854330405961641,0.785671655328798,1.11981397598936,1,PASS,PASS,PASS,PASS,PASS,PASS,
class_0\a2dff8dbc9f8.png,class_0,a2dff8dbc9f8.png,PASS,0.387825359342537,0.0696434465730474,0.000827564875276131,0.474246025085449,1.17462656177337,1,PASS,PASS,PASS,PASS,PASS,PASS,
class_0\a30a143a53a3.png,class_0,a30a143a53a3.png,PASS,0.353535790795015,0.0579406659546442,0.00105579839485673,0.784382766439909,1.11532368538681,1,PASS,PASS,PASS,PASS,PASS,PASS,
class_0\a3132c8828e4.png,class_0,a3132c8828e4.png,PASS,0.361598181621661,0.0614662186565658,0.000883120025976501,0.474033355712891,1.01077660082064,1,PASS,PASS,PASS,PASS,PASS,PASS,
class_0\a34fc5376669.png,class_0,a34fc5376669.png,PASS,0.436343411973236,0.0514577068258412,0.000951158309114448,0.787027664399093,1.05802641189261,1,PASS,PASS,PASS,PASS,PASS,PASS,
class_0\a627eb8c08c5.png,class_0,a627eb8c08c5.png,PASS,0.396126298695053,0.0612525342338589,0.000874898634776779,0.474253578488106,1.05438831323056,1,PASS,PASS,PASS,PASS,PASS,PASS,
class_0\a654b25124c3.png,class_0,a654b25124c3.png,WARNING,0.38458011803945,0.0699711937040599,0.00107089152197753,0.78692335600907,1.26640184256585,1,PASS,PASS,PASS,PASS,WARNING,PASS,
class_0\a73c3d516c59.png,class_0,a73c3d516c59.png,WARNING,0.258169526755005,0.077727102237427,0.000529514649333682,0.793445967713069,0.81939518983574,1,PASS,PASS,PASS,PASS,WARNING,PASS,
class_0\a7673ac44509.png,class_0,a7673ac44509.png,PASS,0.224257310447058,0.0834077473130092,0.00023719802373761,0.621467944295428,1.01044096460753,1,PASS,PASS,PASS,PASS,PASS,PASS,
class_0\a77eb914b383.png,class_0,a77eb914b383.png,FAIL,0.361395884580845,0.192684012669293,0.00155575099821749,0.679067584605044,0.954045196474573,1,WARNING,PASS,FAIL,PASS,PASS,PASS,Low Contrast
class_0\a7c10ca6c117.png,class_0,a7c10ca6c117.png,WARNING,0.374577499929814,0.0872864686093921,0.000881726416101741,0.78552380952381,1.26954598055809,1,PASS,PASS,PASS,PASS,WARNING,PASS,
class_0\a88365134c3c.png,class_0,a88365134c3c.png,PASS,0.402588118540361,0.0840124257905157,0.00104275801612311,0.786013605442177,1.21882652338928,1,PASS,PASS,PASS,PASS,PASS,PASS,
class_0\a8854768549f.png,class_0,a8854768549f.png,WARNING,0.385852640151547,0.100115920470742,0.000486781766153495,0.473122278849284,1.20189462519089,1,PASS,PASS,PASS,WARNING,PASS,PASS,
class_0\a8aed92940fb.png,class_0,a8aed92940fb.png,PASS,0.34206276199951,0.0703788063060062,0.000646446022721226,0.474325168136243,1.00195524642886,1,PASS,PASS,PASS,PASS,PASS,PASS,
class_0\a94da3d3b5c0.png,class_0,a94da3d3b5c0.png,WARNING,0.237665266773536,0.0596934813086734,0.000382690420396949,0.472527821858724,1.1136144463637,1,PASS,PASS,PASS,WARNING,PASS,PASS,
class_0\a95d9d61ddd4.png,class_0,a95d9d61ddd4.png,PASS,0.336572032240845,0.0641274486649064,0.00120560805174453,0.785169160997732,1.0079532749525,1,PASS,PASS,PASS,PASS,PASS,PASS,
class_0\a9b3177f01c0.png,class_0,a9b3177f01c0.png,WARNING,0.374166460980767,0.113981316464286,0.0004567953404388,0.472980873632339,1.16881978814598,1,PASS,PASS,WARNING,WARNING,PASS,PASS,
class_0\aa94cc4bfd84.png,class_0,aa94cc4bfd84.png,PASS,0.366944999404211,0.0633208055230076,0.000797147154195277,0.784781859410431,1.2278336750405,1,PASS,PASS,PASS,PASS,PASS,PASS,
class_0\aafb0c944f14.png,class_0,aafb0c944f14.png,PASS,0.403219762270919,0.0662223017386906,0.00118331848461143,0.786724716553288,1.1225308207106,1,PASS,PASS,PASS,PASS,PASS,PASS,
class_0\ab03d50bba2f.png,class_0,ab03d50bba2f.png,PASS,0.331839248993712,0.0918386347024785,0.000498517480672724,0.473951657613118,1.14715849248729,1,PASS,PASS,PASS,PASS,PASS,PASS,
class_0\abe940882578.png,class_0,abe940882578.png,PASS,0.404335507563526,0.048169098424964,0.000840727142540582,0.787033106575964,1.07985133664591,1,PASS,PASS,PASS,PASS,PASS,PASS,
class_0\ac0a48ccbf70.png,class_0,ac0a48ccbf70.png,PASS,0.231013444277925,0.0659792991299799,0.000409639938491304,0.747280587671467,1.01063828960895,1,PASS,PASS,PASS,PASS,PASS,PASS,
class_0\ac1667fac512.png,class_0,ac1667fac512.png,PASS,0.36241748985982,0.0628342286749152,0.00085469252020334,0.786375510204082,1.20847563723572,1,PASS,PASS,PASS,PASS,PASS,PASS,
class_0\ad93d88c87ea.png,class_0,ad93d88c87ea.png,PASS,0.396587305381695,0.0547076575378444,0.00116962845186752,0.787887528344671,1.09066783921506,1,PASS,PASS,PASS,PASS,PASS,PASS,
class_0\ae94ce412de9.png,class_0,ae94ce412de9.png,WARNING,0.352558284851776,0.125239794167208,0.000756078632278617,0.881717576052276,0.881820931233228,1,PASS,PASS,WARNING,PASS,WARNING,PASS,
class_0\aeb6f4fd2eed.png,class_0,aeb6f4fd2eed.png,WARNING,0.376825774408093,0.115754076884755,0.00101405878254308,0.474332173665365,1.09690415372166,1,PASS,PASS,WARNING,PASS,PASS,PASS,
class_0\af5a0bc4e1fa.png,class_0,af5a0bc4e1fa.png,PASS,0.245350522755119,0.0719338542143027,0.000564899325681411,0.757022745622094,1.13156152056761,1,PASS,PASS,PASS,PASS,PASS,PASS,
class_0\af6a1508cd95.png,class_0,af6a1508cd95.png,WARNING,0.36445741705157,0.117543468908123,0.000537627624221498,0.901894380127973,1.32332179146337,1,PASS,PASS,WARNING,WARNING,WARNING,PASS,
class_0\b0619ca93a5f.png,class_0,b0619ca93a5f.png,PASS,0.409638964194403,0.0650155140801907,0.00094170135023427,0.787114739229025,1.07716530978123,1,PASS,PASS,PASS,PASS,PASS,PASS,
class_0\b086c7cd3868.png,class_0,b086c7cd3868.png,PASS,0.384628794919592,0.0640441546727262,0.00105692799035457,0.786381859410431,1.13676314006017,1,PASS,PASS,PASS,PASS,PASS,PASS,
class_0\b0acd3593310.png,class_0,b0acd3593310.png,WARNING,0.27356529635822,0.0966928200100401,0.000672284570484279,0.773215106099812,1.27081222340729,1,PASS,PASS,PASS,PASS,WARNING,PASS,
class_0\b0f0fa677d5f.png,class_0,b0f0fa677d5f.png,PASS,0.414531547139807,0.0717607988437209,0.00121148526363418,0.786345578231292,1.19690901694809,1,PASS,PASS,PASS,PASS,PASS,PASS,
class_0\b1c6f0997e27.png,class_0,b1c6f0997e27.png,PASS,0.402466347557763,0.055778338570724,0.000861165302542289,0.786637641723356,1.12599790132381,1,PASS,PASS,PASS,PASS,PASS,PASS,
class_0\b5bf7b84fc66.png,class_0,b5bf7b84fc66.png,PASS,0.394965475610014,0.0469682964242882,0.000974817179926808,0.786989569160998,1.07758355316311,1,PASS,PASS,PASS,PASS,PASS,PASS,
class_0\b6bf847fbcb2.png,class_0,b6bf847fbcb2.png,PASS,0.428637212079018,0.0533985769480053,0.000909985279732325,0.786601360544218,1.06983073633217,1,PASS,PASS,PASS,PASS,PASS,PASS,
class_0\b92eacd1392a.png,class_0,b92eacd1392a.png,PASS,0.440981147954734,0.058727206663316,0.000977430058950666,0.788062585034014,1.0819807092007,1,PASS,PASS,PASS,PASS,PASS,PASS,
class_0\b9c7c5182075.png,class_0,b9c7c5182075.png,PASS,0.404986389373217,0.0784368633627746,0.00113983058762277,0.786314739229025,1.10806200273924,1,PASS,PASS,PASS,PASS,PASS,PASS,
class_0\ba2ea9182090.png,class_0,ba2ea9182090.png,PASS,0.362488757115823,0.0582695573463623,0.00101817997795577,0.78690612244898,1.16196777914684,1,PASS,PASS,PASS,PASS,PASS,PASS,
class_0\baaca2f7e1f0.png,class_0,baaca2f7e1f0.png,WARNING,0.403499888797274,0.0375689010548079,0.000785198794476793,0.786866213151927,1.09235088636361,1,PASS,PASS,WARNING,PASS,PASS,PASS,
class_0\bac1744955c2.png,class_0,bac1744955c2.png,PASS,0.333050359056599,0.0716278101911984,0.00107333419909967,0.784517006802721,1.19979282103781,1,PASS,PASS,PASS,PASS,PASS,PASS,
class_0\bc8c6a778cde.png,class_0,bc8c6a778cde.png,PASS,0.377480955611984,0.0706704919182254,0.000730637668974225,0.473756428153822,1.1448931886158,1,PASS,PASS,PASS,PASS,PASS,PASS,
class_0\bcb0498ed2c1.png,class_0,bcb0498ed2c1.png,WARNING,0.215689137981907,0.0354086483541456,0.000223680884948264,0.594853397388434,1.01578022019404,1,WARNING,PASS,WARNING,PASS,PASS,PASS,
class_0\be197b663520.png,class_0,be197b663520.png,WARNING,0.360631111132256,0.0858055293902086,0.000905542789540247,0.78502947845805,1.33287694864294,1,PASS,PASS,PASS,PASS,WARNING,PASS,
class_0\be3a7d9e981e.png,class_0,be3a7d9e981e.png,WARNING,0.281184965846765,0.0676314407072062,0.000356076290156153,0.472370783487956,1.10204832530171,1,PASS,PASS,PASS,WARNING,PASS,PASS,
class_0\bed8296c8dfe.png,class_0,bed8296c8dfe.png,WARNING,0.363762192447002,0.0976703901665618,0.000562023849764027,0.474124590555827,1.29861796837267,1,PASS,PASS,PASS,PASS,WARNING,PASS,
class_0\bf87aedf2489.png,class_0,bf87aedf2489.png,PASS,0.407251966904378,0.0809485771031901,0.00102850686350147,0.78767074829932,1.25587675898676,1,PASS,PASS,PASS,PASS,PASS,PASS,
class_0\bfb578c0e8d8.png,class_0,bfb578c0e8d8.png,PASS,0.26316473775964,0.0845407564504629,0.000321065085107028,0.86451691076754,1.16750322039009,1,PASS,PASS,PASS,PASS,PASS,PASS,
class_0\c096131ad065.png,class_0,c096131ad065.png,PASS,0.349661641598842,0.0564504779362576,0.00076291360528797,0.785430385487528,1.16227935541841,1,PASS,PASS,PASS,PASS,PASS,PASS,
class_0\c0a117de7d0a.png,class_0,c0a117de7d0a.png,WARNING,0.386305968878536,0.12640803965089,0.000919698327812933,0.474416097005208,1.09496111618852,1,PASS,PASS,WARNING,PASS,PASS,PASS,
class_0\c18a006f7f1d.png,class_0,c18a006f7f1d.png,PASS,0.401340701650827,0.0729603242166161,0.000961230311636386,0.785648979591837,1.15215475877222,1,PASS,PASS,PASS,PASS,PASS,PASS,
class_0\c2f3281cf528.png,class_0,c2f3281cf528.png,PASS,0.437492782487786,0.0565572929478633,0.00100808050099077,0.787197278911565,1.05860842289349,1,PASS,PASS,PASS,PASS,PASS,PASS,
class_0\c373b73a80c8.png,class_0,c373b73a80c8.png,PASS,0.383406664149015,0.0722785456038292,0.000782027596294784,0.474558512369792,1.03945280288427,1,PASS,PASS,PASS,PASS,PASS,PASS,
class_0\c38dec54a9f7.png,class_0,c38dec54a9f7.png,PASS,0.414460426810366,0.0802213211795763,0.00114497388333327,0.787875736961451,1.18290772517101,1,PASS,PASS,PASS,PASS,PASS,PASS,
class_0\c3c8fdda50c0.png,class_0,c3c8fdda50c0.png,PASS,0.433832809372886,0.0567675308594373,0.000970407708561946,0.786956009070295,1.12906202874134,1,PASS,PASS,PASS,PASS,PASS,PASS,
class_0\c58e5c0c5b33.png,class_0,c58e5c0c5b33.png,PASS,0.414210447523992,0.0666622476340665,0.00116052280291745,0.786931519274376,1.15726880226951,1,PASS,PASS,PASS,PASS,PASS,PASS,
class_0\c6229222bf22.png,class_0,c6229222bf22.png,PASS,0.41738259524009,0.0583486493401291,0.000979883642921551,0.786671201814059,1.14479737490597,1,PASS,PASS,PASS,PASS,PASS,PASS,
class_0\c6f5b5b5be41.png,class_0,c6f5b5b5be41.png,WARNING,0.358679541689507,0.0758349792612319,0.000862888857001443,0.78478820861678,1.33720075451,1,PASS,PASS,PASS,PASS,WARNING,PASS,
class_0\c97472ef2c66.png,class_0,c97472ef2c66.png,WARNING,0.286322345872912,0.0602903681763369,0.000512495252579087,0.473096212509893,1.17324006457444,1,PASS,PASS,PASS,WARNING,PASS,PASS,
class_0\c98f623d08d1.png,class_0,c98f623d08d1.png,PASS,0.408338368459814,0.0708038167002665,0.000926882734953608,0.786436281179138,1.09719358536466,1,PASS,PASS,PASS,PASS,PASS,PASS,
class_0\c9e697117f3f.png,class_0,c9e697117f3f.png,PASS,0.373200173450572,0.0557209579044189,0.00100001744270943,0.786900680272109,1.13276141196491,1,PASS,PASS,PASS,PASS,PASS,PASS,
class_0\cb02bb47fdc5.png,class_0,cb02bb47fdc5.png,WARNING,0.393150338776642,0.0715067516837489,0.00150386126753511,0.832553283410138,0.95703856921829,1,WARNING,PASS,PASS,PASS,PASS,PASS,
class_0\cb39761f0712.png,class_0,cb39761f0712.png,PASS,0.407378395439113,0.0625431781129526,0.00103965996984315,0.787102947845805,1.20842850898261,1,PASS,PASS,PASS,PASS,PASS,PASS,
class_0\cc964bf04dbc.png,class_0,cc964bf04dbc.png,PASS,0.379673500592152,0.0737160218617997,0.00105664765056362,0.785458503401361,1.25088863177684,1,PASS,PASS,PASS,PASS,PASS,PASS,
class_0\ccd6dcb2f568.png,class_0,ccd6dcb2f568.png,FAIL,0.207537239113671,0.0856988164481798,0.000297232611388252,0.123176574707031,1.27142229380267,1,PASS,WARNING,PASS,FAIL,WARNING,PASS,Other
class_0\cd01672507c9.png,class_0,cd01672507c9.png,WARNING,0.297177605453453,0.121757710282544,0.000615982655996553,0.747093128811692,0.917299092756119,1,PASS,PASS,WARNING,PASS,WARNING,PASS,
class_0\cd1c98ec48b1.png,class_0,cd1c98ec48b1.png,PASS,0.407623894221465,0.0542626249821994,0.00095589624092964,0.786648526077097,1.13876645019357,1,PASS,PASS,PASS,PASS,PASS,PASS,
class_0\cec299c2a2d5.png,class_0,cec299c2a2d5.png,PASS,0.250927012615606,0.0683283475078312,0.000316710196473714,0.747154305326856,0.948863600409322,1,PASS,PASS,PASS,PASS,PASS,PASS,
class_0\cfb17a7cc8d4.png,class_0,cfb17a7cc8d4.png,PASS,0.317467899625788,0.0498723752250393,0.000795007051115812,0.786207709750567,1.01411263642125,1,PASS,PASS,PASS,PASS,PASS,PASS,
class_0\cff262ed8f4c.png,class_0,cff262ed8f4c.png,WARNING,0.382483797155095,0.119388013921958,0.00117542531119069,0.897258976370867,1.00694672023756,1,PASS,PASS,WARNING,WARNING,PASS,PASS,
class_0\cffc50047828.png,class_0,cffc50047828.png,WARNING,0.433931350271389,0.0877334731640745,0.00156661717390854,0.47520214132592,0.811888120083049,1,WARNING,PASS,PASS,PASS,WARNING,PASS,
class_0\d16e39b9d6f0.png,class_0,d16e39b9d6f0.png,WARNING,0.279255568016955,0.0643123806826164,0.000426782235298254,0.473437309265137,1.01596445972339,1,PASS,PASS,PASS,WARNING,PASS,PASS,
class_0\d1a60c3b9fe5.png,class_0,d1a60c3b9fe5.png,WARNING,0.481073292767714,0.0469362653489553,0.000981015201842462,0.78902947845805,1.09425617364873,1,PASS,WARNING,PASS,PASS,PASS,PASS,
class_0\d27ac9e54901.png,class_0,d27ac9e54901.png,WARNING,0.3868683905867,0.0847280840456077,0.000941483574258288,0.785806802721088,1.30837050282709,1,PASS,PASS,PASS,PASS,WARNING,PASS,
class_0\d2afca74cbc3.png,class_0,d2afca74cbc3.png,PASS,0.366916253937074,0.0630787152230431,0.000647479833207204,0.474022900732998,1.0278470235434,1,PASS,PASS,PASS,PASS,PASS,PASS,
class_0\d2cd47ed2c1d.png,class_0,d2cd47ed2c1d.png,PASS,0.364429703029455,0.0644525960502379,0.000672334213538231,0.473786257173879,1.15293871589559,1,PASS,PASS,PASS,PASS,PASS,PASS,
class_0\d30d079e6f9a.png,class_0,d30d079e6f9a.png,PASS,0.4104418429661,0.0634506161008788,0.00124280159066568,0.785982766439909,1.11545784433147,1,PASS,PASS,PASS,PASS,PASS,PASS,
class_0\d3dfd0a2dee6.png,class_0,d3dfd0a2dee6.png,WARNING,0.368350748356143,0.0938660104322655,0.000428543830368124,0.472986221313477,1.15533903207098,1,PASS,PASS,PASS,WARNING,PASS,PASS,
class_0\d4bc001f7224.png,class_0,d4bc001f7224.png,WARNING,0.202063905750216,0.0533295719215786,0.000195277916911109,0.313975016276042,1.18411509140423,1,WARNING,WARNING,PASS,WARNING,PASS,PASS,
class_0\d774692d9919.png,class_0,d774692d9919.png,PASS,0.374969052746713,0.0651197213445734,0.00103241623160052,0.786340136054422,1.09194748932044,1,PASS,PASS,PASS,PASS,PASS,PASS,
class_0\d865997a6280.png,class_0,d865997a6280.png,WARNING,0.363674565355418,0.118758659544976,0.000410775849707729,0.472877502441406,1.25974187398803,1,PASS,PASS,WARNING,WARNING,PASS,PASS,
class_0\d871895742b1.png,class_0,d871895742b1.png,WARNING,0.268777775404118,0.0790813835114219,0.000225480265592539,0.798785705377061,1.14209205913321,1,WARNING,PASS,PASS,PASS,PASS,PASS,
class_0\d91635f380b4.png,class_0,d91635f380b4.png,FAIL,0.163496031202444,0.0135683453853833,0.000201581504740106,0.137190818786621,0.969010109098961,1,WARNING,FAIL,FAIL,FAIL,PASS,PASS,Low Contrast|Other|Underexposure
class_0\d97911a32918.png,class_0,d97911a32918.png,WARNING,0.44281545009345,0.0382438150476539,0.00111155886242962,0.78892335600907,1.07227392692869,1,PASS,PASS,WARNING,PASS,PASS,PASS,
class_0\d99dd99be001.png,class_0,d99dd99be001.png,PASS,0.391122666799553,0.0704400966649758,0.00116202574243616,0.785884807256236,1.20092940142176,1,PASS,PASS,PASS,PASS,PASS,PASS,
class_0\dce73d90c00c.png,class_0,dce73d90c00c.png,PASS,0.417555466801231,0.0656207961564581,0.00099060351893707,0.786972335600907,1.12832732975523,1,PASS,PASS,PASS,PASS,PASS,PASS,
class_0\dd02d60bef14.png,class_0,dd02d60bef14.png,PASS,0.40706270043054,0.103893293388533,0.000759975200510186,0.473841985066732,1.05871980262017,1,PASS,PASS,PASS,PASS,PASS,PASS,
class_0\ddb222ff7c1d.png,class_0,ddb222ff7c1d.png,PASS,0.36866224082559,0.0869752922075316,0.000546658935227265,0.473608016967773,1.18152492664582,1,PASS,PASS,PASS,PASS,PASS,PASS,
class_0\de2eb5c8aa83.png,class_0,de2eb5c8aa83.png,WARNING,0.197331337198835,0.0410873293668094,0.000205926376823408,0.290003776550293,1.07466729362554,1,WARNING,WARNING,PASS,WARNING,PASS,PASS,
class_0\de38adaae009.png,class_0,de38adaae009.png,PASS,0.26003128520582,0.0520775714885483,0.000301211893586421,0.848153771709769,1.06043866763516,1,PASS,PASS,PASS,PASS,PASS,PASS,
class_0\de730033c683.png,class_0,de730033c683.png,WARNING,0.243223019178304,0.0718083527536103,0.000217785290257781,0.791643248559786,1.22438884807859,1,WARNING,PASS,PASS,PASS,PASS,PASS,
class_0\dea7538bb91a.png,class_0,dea7538bb91a.png,PASS,0.23155632127328,0.0615862789580548,0.000398354363818088,0.769946665712138,0.990413833983262,1,PASS,PASS,PASS,PASS,PASS,PASS,
class_0\df6d13d04da1.png,class_0,df6d13d04da1.png,PASS,0.433538801736788,0.0655379527155321,0.00105291029694765,0.786325623582766,1.1336692639725,1,PASS,PASS,PASS,PASS,PASS,PASS,
class_0\e06cccc08c59.png,class_0,e06cccc08c59.png,PASS,0.405543070023725,0.0876624789847064,0.00113198748696271,0.787145578231292,1.25973424553888,1,PASS,PASS,PASS,PASS,PASS,PASS,
class_0\e1dc02a3dc2a.png,class_0,e1dc02a3dc2a.png,PASS,0.400334142260548,0.0694650291574313,0.00103390691184289,0.786673015873016,1.14704175736845,1,PASS,PASS,PASS,PASS,PASS,PASS,
class_0\e2c3b037413b.png,class_0,e2c3b037413b.png,PASS,0.35065975165954,0.0636063120830518,0.000955536301875011,0.832310327463607,1.07470906508752,1,PASS,PASS,PASS,PASS,PASS,PASS,
class_0\e47452069ea1.png,class_0,e47452069ea1.png,PASS,0.318865717513925,0.0812521874144003,0.000600633522170031,0.474010785420736,1.13393672257542,1,PASS,PASS,PASS,PASS,PASS,PASS,
class_0\e582e56e7942.png,class_0,e582e56e7942.png,PASS,0.401874522504325,0.0754367046825202,0.00118154527192719,0.785871201814059,1.14728536142289,1,PASS,PASS,PASS,PASS,PASS,PASS,
class_0\e60e4edb3ca9.png,class_0,e60e4edb3ca9.png,PASS,0.403581314020458,0.0675699735797569,0.000859543931323621,0.786058049886621,1.11208630551171,1,PASS,PASS,PASS,PASS,PASS,PASS,
class_0\e69b48516577.png,class_0,e69b48516577.png,WARNING,0.207329900872161,0.0387761930412422,0.000202230208984348,0.67588248109843,1.07016414333842,1,WARNING,WARNING,PASS,PASS,PASS,PASS,
class_0\e8e44b3160e3.png,class_0,e8e44b3160e3.png,PASS,0.414083379636084,0.0698892698706279,0.0011210199900353,0.787597278911565,1.21215940790087,1,PASS,PASS,PASS,PASS,PASS,PASS,
class_0\e9678824215d.png,class_0,e9678824215d.png,PASS,0.426565520264287,0.0565892664484274,0.000883550329754703,0.787479365079365,1.09433176789853,1,PASS,PASS,PASS,PASS,PASS,PASS,
class_0\e97ecf4355cb.png,class_0,e97ecf4355cb.png,WARNING,0.397787127636099,0.0672410807345674,0.000588579302205501,0.473416646321615,1.07464192526589,1,PASS,PASS,PASS,WARNING,PASS,PASS,
class_0\e9f3c85a2a02.png,class_0,e9f3c85a2a02.png,PASS,0.389543737694878,0.0578537090296018,0.00105236819009624,0.786635827664399,1.10651580178347,1,PASS,PASS,PASS,PASS,PASS,PASS,
class_0\ea7e21bab610.png,class_0,ea7e21bab610.png,PASS,0.41377184973049,0.0795938180623086,0.000974004660101466,0.786057142857143,1.17515060793326,1,PASS,PASS,PASS,PASS,PASS,PASS,
class_0\ebd96d853918.png,class_0,ebd96d853918.png,PASS,0.392443144769721,0.0732044986321641,0.000870674224006355,0.786672108843537,1.23600575553159,1,PASS,PASS,PASS,PASS,PASS,PASS,
class_0\ec6f1797a25a.png,class_0,ec6f1797a25a.png,PASS,0.400861656751355,0.0669466487592455,0.000990502438348991,0.787057596371882,1.12568398141308,1,PASS,PASS,PASS,PASS,PASS,PASS,
class_0\ecb4500285ed.png,class_0,ecb4500285ed.png,WARNING,0.284375096767648,0.0573299808287909,0.000549254242908096,0.473462115155926,1.07699799087725,1,PASS,PASS,PASS,WARNING,PASS,PASS,
class_0\ed2c52c14493.png,class_0,ed2c52c14493.png,PASS,0.372276167514394,0.0746939074275718,0.000880758805686471,0.785032199546485,1.18235254123243,1,PASS,PASS,PASS,PASS,PASS,PASS,
class_0\ed3ce1674761.png,class_0,ed3ce1674761.png,PASS,0.398792230091582,0.0866271967403348,0.00121601720829614,0.787473015873016,0.95579124819569,1,PASS,PASS,PASS,PASS,PASS,PASS,
class_0\ed6bd9293a89.png,class_0,ed6bd9293a89.png,PASS,0.387574696014378,0.0828329258151971,0.00115889700643971,0.785633560090703,1.22566239895294,1,PASS,PASS,PASS,PASS,PASS,PASS,
class_0\eda29a9d78f3.png,class_0,eda29a9d78f3.png,PASS,0.34332623520125,0.0682375542629759,0.00101359014066443,0.785948299319728,1.15609535167871,1,PASS,PASS,PASS,PASS,PASS,PASS,
class_0\edceb0657d77.png,class_0,edceb0657d77.png,PASS,0.387965690691746,0.103103887834301,0.00119386824140684,0.47446635883118,1.07818900222176,1,PASS,PASS,PASS,PASS,PASS,PASS,
class_0\ee36ca728641.png,class_0,ee36ca728641.png,WARNING,0.324435725070141,0.0829204492726114,0.000461936212044426,0.473182678222656,1.08837764992551,1,PASS,PASS,PASS,WARNING,PASS,PASS,
class_0\ef4121e9bb67.png,class_0,ef4121e9bb67.png,PASS,0.399134354850381,0.058466856642544,0.00101971562163884,0.787034920634921,1.13879372802,1,PASS,PASS,PASS,PASS,PASS,PASS,
class_0\ef48780f5d5f.png,class_0,ef48780f5d5f.png,WARNING,0.405430471433686,0.0826190086354313,0.00117553411203919,0.787250793650794,1.28078062255526,1,PASS,PASS,PASS,PASS,WARNING,PASS,
class_0\ef7eb85b75fc.png,class_0,ef7eb85b75fc.png,PASS,0.381528543368202,0.0618045850214341,0.000909473819463075,0.786519727891156,1.13637463581447,1,PASS,PASS,PASS,PASS,PASS,PASS,
class_0\ef81cd8854cb.png,class_0,ef81cd8854cb.png,PASS,0.38054640632969,0.068989571175071,0.00100999665605316,0.786181405895692,1.18758060371909,1,PASS,PASS,PASS,PASS,PASS,PASS,
class_0\f0860c21533b.png,class_0,f0860c21533b.png,WARNING,0.286897621050629,0.0812017810470218,0.000347934961831384,0.768594108425309,1.30573800689835,1,PASS,PASS,PASS,PASS,WARNING,PASS,
class_0\f09fd9433dff.png,class_0,f09fd9433dff.png,PASS,0.385711676711328,0.0577750682114348,0.000985379878412507,0.786262131519274,1.12944616571467,1,PASS,PASS,PASS,PASS,PASS,PASS,
class_0\f3a4751af42e.png,class_0,f3a4751af42e.png,PASS,0.357190969140717,0.0722218638398225,0.00078008160095592,0.784742857142857,1.18605453424288,1,PASS,PASS,PASS,PASS,PASS,PASS,
class_0\f42b693a9414.png,class_0,f42b693a9414.png,WARNING,0.296779259750619,0.0728212205683699,0.000736711159782203,0.473594665527344,1.11952135337237,1,PASS,PASS,PASS,WARNING,PASS,PASS,
class_0\f4e68b61f480.png,class_0,f4e68b61f480.png,WARNING,0.243751988885336,0.0643400439282883,0.000304495247474869,0.899794052221852,1.10395885212032,1,PASS,PASS,PASS,WARNING,PASS,PASS,
class_0\f4ea2a2cfbb9.png,class_0,f4ea2a2cfbb9.png,PASS,0.362604805243765,0.0654298214234793,0.000919859344812289,0.786010884353741,1.20547078384117,1,PASS,PASS,PASS,PASS,PASS,PASS,
class_0\f58f0b2fd718.png,class_0,f58f0b2fd718.png,PASS,0.448700770003699,0.0668548086567618,0.00111107342725936,0.78785306122449,1.17976007021161,1,PASS,PASS,PASS,PASS,PASS,PASS,
class_0\f66c4ee86629.png,class_0,f66c4ee86629.png,WARNING,0.208117539356498,0.0760311952781227,0.000411952601878379,0.709641260915074,0.871453509782708,1,PASS,WARNING,PASS,PASS,WARNING,PASS,
class_0\f86d1c404acb.png,class_0,f86d1c404acb.png,FAIL,0.484113729407028,0.140283642258371,0.00255024850649176,0.475850425361826,0.905996940792767,1,FAIL,WARNING,FAIL,PASS,WARNING,PASS,High Sharpness|Low Contrast
class_0\f8f5942b690e.png,class_0,f8f5942b690e.png,WARNING,0.249166646601335,0.0677802496866717,0.000413839589672502,0.77730449065954,0.834256846867229,1,PASS,PASS,PASS,PASS,WARNING,PASS,
class_0\f9d52509c571.png,class_0,f9d52509c571.png,PASS,0.366165475831889,0.0579757479665874,0.000921685383869234,0.786467120181406,1.14821940822686,1,PASS,PASS,PASS,PASS,PASS,PASS,
class_0\fb88783de055.png,class_0,fb88783de055.png,PASS,0.390909891416262,0.0607784788968839,0.00105560598879552,0.786078911564626,1.02964633817331,1,PASS,PASS,PASS,PASS,PASS,PASS,
class_0\fb88d23fc5fe.png,class_0,fb88d23fc5fe.png,PASS,0.413492004358656,0.0795754332545903,0.00118018651547755,0.786269387755102,1.16282476767775,1,PASS,PASS,PASS,PASS,PASS,PASS,
class_0\fc8fce67fbf8.png,class_0,fc8fce67fbf8.png,WARNING,0.246818731228741,0.0675785797533722,0.000274482837658828,0.449238459269206,1.11414315700758,1,PASS,PASS,PASS,WARNING,PASS,PASS,
class_0\fcc32dffd24d.png,class_0,fcc32dffd24d.png,WARNING,0.307219948544057,0.0927995670002684,0.000705353247221616,0.898414817820285,1.25123952169288,1,PASS,PASS,PASS,WARNING,PASS,PASS,
class_0\fd4c946c52bf.png,class_0,fd4c946c52bf.png,PASS,0.232211222535027,0.052765249387094,0.000816165886052257,0.672988662131519,0.99999869450459,1,PASS,PASS,PASS,PASS,PASS,PASS,
class_0\ff4cd992667b.png,class_0,ff4cd992667b.png,FAIL,0.286699609035144,0.0987418164550025,0.000612770437552016,0.712344670854561,0.783562673340784,1,PASS,PASS,PASS,PASS,FAIL,PASS,Uneven Illumination
class_1\06b71823f9cd.png,class_1,06b71823f9cd.png,PASS,0.298175055557851,0.0798747788882175,0.000493814530693597,0.63266322334081,0.987145309329126,1,PASS,PASS,PASS,PASS,PASS,PASS,
class_1\0f495d87656a.png,class_1,0f495d87656a.png,PASS,0.266945026105172,0.0546294657301501,0.000670385729101219,0.831525191122166,1.0135973974031,1,PASS,PASS,PASS,PASS,PASS,PASS,
class_1\0fb1053285cf.png,class_1,0fb1053285cf.png,WARNING,0.442975293496654,0.0418133055601844,0.00152156721526196,0.832628387554552,1.00798647784931,1,WARNING,PASS,PASS,PASS,PASS,PASS,
class_1\107aea0d9289.png,class_1,107aea0d9289.png,PASS,0.267916435945971,0.051671735218263,0.0006238863197859,0.759875360499893,1.07462681874565,1,PASS,PASS,PASS,PASS,PASS,PASS,
class_1\12ce6a1a1f31.png,class_1,12ce6a1a1f31.png,PASS,0.348475063158068,0.0482907927556634,0.000940113718045404,0.832002281258583,1.05606687635615,1,PASS,PASS,PASS,PASS,PASS,PASS,
class_1\172df1330a60.png,class_1,172df1330a60.png,PASS,0.414076029459007,0.0555182242978325,0.000971478082931828,0.832007765053255,1.11172499571707,1,PASS,PASS,PASS,PASS,PASS,PASS,
class_1\1a03a7970337.png,class_1,1a03a7970337.png,PASS,0.335618869778488,0.0435125304105112,0.000819551858790583,0.832102896969512,1.05429610265882,1,PASS,PASS,PASS,PASS,PASS,PASS,
class_1\1c3a6b4449e9.png,class_1,1c3a6b4449e9.png,PASS,0.299669427042768,0.0585787461508663,0.000656282305348932,0.831407885601367,1.05878085271801,1,PASS,PASS,PASS,PASS,PASS,PASS,
class_1\1df3e03a8f5f.png,class_1,1df3e03a8f5f.png,WARNING,0.361259929774765,0.0368738029654357,0.000893137545317456,0.832250720999786,1.09664398198347,1,PASS,PASS,WARNING,PASS,PASS,PASS,
class_1\1e8a1fdee5b9.png,class_1,1e8a1fdee5b9.png,PASS,0.340690968020402,0.0579740003125161,0.000916294741346542,0.832133177053133,1.0741700867347,1,PASS,PASS,PASS,PASS,PASS,PASS,
class_1\200d947f75db.png,class_1,200d947f75db.png,PASS,0.308940220728194,0.0497857088925188,0.000570582003046289,0.743555637367936,1.10983545669057,1,PASS,PASS,PASS,PASS,PASS,PASS,
class_1\22098b1fe461.png,class_1,22098b1fe461.png,PASS,0.380713426437064,0.0761311783359773,0.000710287776463391,0.545180275617852,1.2177000750288,1,PASS,PASS,PASS,PASS,PASS,PASS,
class_1\24b943fe725e.png,class_1,24b943fe725e.png,PASS,0.300766254745201,0.0739918682493765,0.000463818906997046,0.713229361661471,1.1200323924428,1,PASS,PASS,PASS,PASS,PASS,PASS,
class_1\28f98cfe3858.png,class_1,28f98cfe3858.png,PASS,0.395149596042936,0.0575911586590108,0.00089495743627317,0.75088889963486,1.15890414476779,1,PASS,PASS,PASS,PASS,PASS,PASS,
class_1\2994f17f58a5.png,class_1,2994f17f58a5.png,PASS,0.280401733207028,0.0464829760332348,0.00068615205008161,0.831767670216987,1.03238343274867,1,PASS,PASS,PASS,PASS,PASS,PASS,
class_1\2d9d97a6e713.png,class_1,2d9d97a6e713.png,PASS,0.353922172862242,0.0437398245913383,0.000960249729378039,0.832123640018921,1.06536079673881,1,PASS,PASS,PASS,PASS,PASS,PASS,
class_1\2f4e81787d9b.png,class_1,2f4e81787d9b.png,PASS,0.310714241780978,0.0541420944782521,0.000672110531591684,0.750065920450212,1.1736346735677,1,PASS,PASS,PASS,PASS,PASS,PASS,
class_1\3461dc601cc2.png,class_1,3461dc601cc2.png,WARNING,0.361232264848072,0.101081076972125,0.000454865851092395,0.888333125464744,1.08617860250311,1,PASS,PASS,PASS,WARNING,PASS,PASS,
class_1\384631079d1e.png,class_1,384631079d1e.png,PASS,0.288536621039467,0.0480574930013974,0.000632127930078593,0.748967854542535,1.06584957597341,1,PASS,PASS,PASS,PASS,PASS,PASS,
class_1\3b73a3a4a734.png,class_1,3b73a3a4a734.png,PASS,0.313896783279972,0.0504645727919514,0.000876004869350704,0.831826322977386,1.05150783307573,1,PASS,PASS,PASS,PASS,PASS,PASS,
class_1\494fc9c745a3.png,class_1,494fc9c745a3.png,PASS,0.279227505623372,0.0568606573090935,0.000652732479919548,0.831344464323862,1.19273176987529,1,PASS,PASS,PASS,PASS,PASS,PASS,
class_1\4c129470cec4.png,class_1,4c129470cec4.png,PASS,0.396408186352218,0.0510356248407509,0.00128862064090718,0.832334646900845,1.03053552429319,1,PASS,PASS,PASS,PASS,PASS,PASS,
class_1\4c3c1ed09771.png,class_1,4c3c1ed09771.png,FAIL,0.498851429520933,0.0627338747052508,0.00182104002742761,0.832545176931059,1.04318941965824,1,FAIL,WARNING,PASS,PASS,PASS,PASS,High Sharpness
class_1\4dd5d5ccddcf.png,class_1,4dd5d5ccddcf.png,PASS,0.290446125753763,0.0562557741557046,0.000592792783330966,0.831423383281961,1.1338189121339,1,PASS,PASS,PASS,PASS,PASS,PASS,
class_1\545df1bbcd61.png,class_1,545df1bbcd61.png,PASS,0.390897480196473,0.0606423758763241,0.000898661749492179,0.786116099773243,1.16877957658957,1,PASS,PASS,PASS,PASS,PASS,PASS,
class_1\55eac26bd383.png,class_1,55eac26bd383.png,PASS,0.29825515323324,0.049497643184506,0.000679700843664929,0.831436735129856,1.01895364633626,1,PASS,PASS,PASS,PASS,PASS,PASS,
class_1\5b804948e35f.png,class_1,5b804948e35f.png,FAIL,0.188813744389057,0.0461116676027922,0.00028316368245631,0.67157254616538,0.990721540287984,1,PASS,FAIL,PASS,PASS,PASS,PASS,Underexposure
class_1\5cab3ef4b31c.png,class_1,5cab3ef4b31c.png,FAIL,0.238527520087232,0.108009682629896,0.000279764720492731,0.498117144738109,1.36328195169589,1,PASS,PASS,WARNING,PASS,FAIL,PASS,Uneven Illumination
class_1\63363410389a.png,class_1,63363410389a.png,PASS,0.262219132541104,0.0721281065517702,0.000632298164121946,0.831018297753838,1.13360135788924,1,PASS,PASS,PASS,PASS,PASS,PASS,
class_1\6762b2b48ea5.png,class_1,6762b2b48ea5.png,PASS,0.338551722976242,0.0501693262978184,0.000903230485194383,0.832063795129246,1.03455040559966,1,PASS,PASS,PASS,PASS,PASS,PASS,
class_1\6b00cb764237.png,class_1,6b00cb764237.png,PASS,0.31702214724304,0.0461399397688651,0.00082511943654433,0.831760517441328,1.03315743113805,1,PASS,PASS,PASS,PASS,PASS,PASS,
class_1\6cdd0f985270.png,class_1,6cdd0f985270.png,PASS,0.266943511547422,0.059516269548217,0.000379114069860862,0.713967578714573,1.02891858006866,1,PASS,PASS,PASS,PASS,PASS,PASS,
class_1\6d292ca4c9ad.png,class_1,6d292ca4c9ad.png,PASS,0.260532515279072,0.0452437866690066,0.000593301383568517,0.831064552369762,1.10518942776627,1,PASS,PASS,PASS,PASS,PASS,PASS,
class_1\7005be54cab1.png,class_1,7005be54cab1.png,PASS,0.353562404243715,0.0546367229432869,0.000950123984122409,0.832385193182165,0.968774139635833,1,PASS,PASS,PASS,PASS,PASS,PASS,
class_1\7ae69d22075a.png,class_1,7ae69d22075a.png,PASS,0.398248213917943,0.065725476704923,0.00102418318776926,0.787034920634921,1.09108671107847,1,PASS,PASS,PASS,PASS,PASS,PASS,
class_1\7f60f2a083d3.png,class_1,7f60f2a083d3.png,PASS,0.313349485960348,0.0433900775825617,0.000725273908955231,0.83202922338023,1.07758513454554,1,PASS,PASS,PASS,PASS,PASS,PASS,
class_1\8676427e4625.png,class_1,8676427e4625.png,WARNING,0.343709797646053,0.116877808025974,0.00044688874304202,0.844001859766061,1.29493717130846,1,PASS,PASS,WARNING,PASS,WARNING,PASS,
class_1\8a25a080f28f.png,class_1,8a25a080f28f.png,WARNING,0.469902888266229,0.0760797459598719,0.00104934750362191,0.714300690392189,1.15111855718304,1,PASS,WARNING,PASS,PASS,PASS,PASS,
class_1\8c2f0f04e1ed.png,class_1,8c2f0f04e1ed.png,PASS,0.315342022094584,0.0563055503292652,0.000710249288932993,0.831373075426496,1.12887911620872,1,PASS,PASS,PASS,PASS,PASS,PASS,
class_1\8ef2eb8c51c4.png,class_1,8ef2eb8c51c4.png,PASS,0.315263099329266,0.0392248061877893,0.000638457947891815,0.744337331367507,1.07672591839954,1,PASS,PASS,PASS,PASS,PASS,PASS,
class_1\92d9e9f08709.png,class_1,92d9e9f08709.png,PASS,0.321968442507026,0.0600565322752335,0.000560320522494906,0.544717383705068,1.13521964591551,1,PASS,PASS,PASS,PASS,PASS,PASS,
class_1\95a4cc805c7b.png,class_1,95a4cc805c7b.png,WARNING,0.220348587050211,0.0957013423289705,0.000215315817709093,0.531292774224716,0.901595068953642,1,WARNING,PASS,PASS,PASS,WARNING,PASS,
class_1\9a3109657ac1.png,class_1,9a3109657ac1.png,PASS,0.327117701539903,0.0490908494676446,0.000710323517956083,0.831755510498367,1.12571853012796,1,PASS,PASS,PASS,PASS,PASS,PASS,
class_1\a01024054596.png,class_1,a01024054596.png,PASS,0.328416591739727,0.0447273555764776,0.000779258774019097,0.831810110019227,1.0959336492876,1,PASS,PASS,PASS,PASS,PASS,PASS,
class_1\a5a2a7003d60.png,class_1,a5a2a7003d60.png,PASS,0.380969535164455,0.0536233564845277,0.00127045462376635,0.832030415509507,1.09561777275222,1,PASS,PASS,PASS,PASS,PASS,PASS,
class_1\a75bab2463d4.png,class_1,a75bab2463d4.png,PASS,0.351575915526932,0.068507291799328,0.00085422842971852,0.831269360179449,1.18294791710174,1,PASS,PASS,PASS,PASS,PASS,PASS,
class_1\abdb365cacbc.png,class_1,abdb365cacbc.png,PASS,0.356669427488034,0.043210142113133,0.000832687464155766,0.832125547425764,1.09943354552017,1,PASS,PASS,PASS,PASS,PASS,PASS,
class_1\b56340f472d2.png,class_1,b56340f472d2.png,PASS,0.279405692726315,0.0596952694070956,0.00102996179118424,0.831796996597186,0.994589260166979,1,PASS,PASS,PASS,PASS,PASS,PASS,
class_1\b576c5269ad1.png,class_1,b576c5269ad1.png,PASS,0.294368029481317,0.0509338633599942,0.000755636492864549,0.831438404110843,1.07191333584383,1,PASS,PASS,PASS,PASS,PASS,PASS,
class_1\b640e3bdff75.png,class_1,b640e3bdff75.png,PASS,0.307797662336454,0.0531283926933343,0.000870890618365141,0.831645596179083,1.08538732029435,1,PASS,PASS,PASS,PASS,PASS,PASS,
class_1\b7278b4f2448.png,class_1,b7278b4f2448.png,PASS,0.271490448561061,0.0525417920716698,0.000499604547859987,0.715856915169587,1.11681162889139,1,PASS,PASS,PASS,PASS,PASS,PASS,
class_1\bb11db08584a.png,class_1,bb11db08584a.png,PASS,0.345445781658761,0.0798453292069046,0.00122823578412568,0.831943866924039,1.15118891795228,1,PASS,PASS,PASS,PASS,PASS,PASS,
class_1\bd269a1f0e4d.png,class_1,bd269a1f0e4d.png,PASS,0.287372871533432,0.0661499365722727,0.000980933753666805,0.831580982772301,1.05943594906064,1,PASS,PASS,PASS,PASS,PASS,PASS,
class_1\c027e5482e8c.png,class_1,c027e5482e8c.png,PASS,0.340924965790765,0.0424358221987173,0.000797113265904239,0.831795089190344,1.03217527873324,1,PASS,PASS,PASS,PASS,PASS,PASS,
class_1\c40976189f22.png,class_1,c40976189f22.png,WARNING,0.379645153735852,0.0610983102501187,0.0013574580717111,0.832001804406873,1.09821988826858,1,WARNING,PASS,PASS,PASS,PASS,PASS,
class_1\c56e65f74187.png,class_1,c56e65f74187.png,WARNING,0.210841106072534,0.080454666200525,0.000142642644172097,0.565190878621058,0.908278322834841,1,WARNING,WARNING,PASS,PASS,WARNING,PASS,
class_1\ca1036496659.png,class_1,ca1036496659.png,PASS,0.24032056368851,0.0479289956969554,0.000346465322149879,0.693327064010786,1.23845306105722,1,PASS,PASS,PASS,PASS,PASS,PASS,
class_1\ca25745942b0.png,class_1,ca25745942b0.png,PASS,0.306421070469869,0.0499179477757373,0.000746518567850989,0.832110288171026,1.07673913643121,1,PASS,PASS,PASS,PASS,PASS,PASS,
class_1\ca63fe4f4b52.png,class_1,ca63fe4f4b52.png,PASS,0.396813033124044,0.0498134673939906,0.001199004038662,0.83238137836848,0.996663872906873,1,PASS,PASS,PASS,PASS,PASS,PASS,
class_1\cae51154e1ce.png,class_1,cae51154e1ce.png,FAIL,0.173880932273047,0.0208030720168701,9.69488461572011e-05,0.54908823311173,1.01572908720905,1,FAIL,FAIL,FAIL,PASS,PASS,PASS,Blur|Low Contrast|Underexposure
class_1\cf0575534cec.png,class_1,cf0575534cec.png,PASS,0.307111121268669,0.0520298135778391,0.000709654512311605,0.831518515198218,1.21921421822055,1,PASS,PASS,PASS,PASS,PASS,PASS,
class_1\cf603a9ef2d5.png,class_1,cf603a9ef2d5.png,PASS,0.307329632942489,0.0634382722799324,0.000996564428761209,0.832325348292489,1.08798551344207,1,PASS,PASS,PASS,PASS,PASS,PASS,
class_1\d06ccd0cf4b8.png,class_1,d06ccd0cf4b8.png,FAIL,0.209174537761795,0.0411836058224421,0.00013351286059528,0.680145102800227,1.01207421052024,1,FAIL,WARNING,PASS,PASS,PASS,PASS,Blur
class_1\d1cad012a254.png,class_1,d1cad012a254.png,PASS,0.362336426550206,0.0534030728112751,0.00114475998849664,0.832084061326945,1.07978718669005,1,PASS,PASS,PASS,PASS,PASS,PASS,
class_1\d5b4705ac2ee.png,class_1,d5b4705ac2ee.png,PASS,0.41423363748023,0.066058443081491,0.0011701487110389,0.785776870748299,1.11024804766716,1,PASS,PASS,PASS,PASS,PASS,PASS,
class_1\da1fb35f5df9.png,class_1,da1fb35f5df9.png,PASS,0.345980032103331,0.0426444417245546,0.000939239753454978,0.831769577623829,1.05393766221808,1,PASS,PASS,PASS,PASS,PASS,PASS,
class_1\dd19428c3d29.png,class_1,dd19428c3d29.png,WARNING,0.295220429329792,0.0376521767559347,0.000670353459786595,0.831853503524888,1.06053474249691,1,PASS,PASS,WARNING,PASS,PASS,PASS,
class_1\e07045d7c5f7.png,class_1,e07045d7c5f7.png,PASS,0.344516205996321,0.0539377437980434,0.000763347684806189,0.831510885570849,1.17709057991756,1,PASS,PASS,PASS,PASS,PASS,PASS,
class_1\e55188915f9d.png,class_1,e55188915f9d.png,PASS,0.374867332761645,0.0607922167958926,0.00100741537069128,0.832214003418073,1.12434592433045,1,PASS,PASS,PASS,PASS,PASS,PASS,
class_1\e9ff9352ccb3.png,class_1,e9ff9352ccb3.png,PASS,0.347805303512447,0.0592713590177714,0.000650786164005414,0.715792962854268,1.06459721433709,1,PASS,PASS,PASS,PASS,PASS,PASS,
class_1\ec4649213ccf.png,class_1,ec4649213ccf.png,PASS,0.399590566212476,0.0479427340586658,0.0012204702281728,0.832360635319071,1.03112010689984,1,PASS,PASS,PASS,PASS,PASS,PASS,
class_1\f6f7dba7104d.png,class_1,f6f7dba7104d.png,WARNING,0.458200091196031,0.0459301275417369,0.00155868670413395,0.832199459440901,1.0588674659695,1,WARNING,PASS,PASS,PASS,PASS,PASS,
class_1\f762c272c522.png,class_1,f762c272c522.png,PASS,0.307023195595833,0.042004399296841,0.000724723256201734,0.750098538527652,1.12622021873347,1,PASS,PASS,PASS,PASS,PASS,PASS,
class_1\fea14b3d44b0.png,class_1,fea14b3d44b0.png,PASS,0.39751352269885,0.0437723398081366,0.00111874968793768,0.832502021851253,1.04545770777475,1,PASS,PASS,PASS,PASS,PASS,PASS,
class_2\000c1434d8d7.png,class_2,000c1434d8d7.png,PASS,0.268745231815928,0.0509106959898398,0.000796040853268551,0.743848203970783,1.04627690824392,1,PASS,PASS,PASS,PASS,PASS,PASS,
class_2\026dcd9af143.png,class_2,026dcd9af143.png,FAIL,0.190068191743602,0.0281422254874114,0.000193299735166905,0.707200042623959,1.07803095124068,1,WARNING,FAIL,FAIL,PASS,PASS,PASS,Low Contrast|Underexposure
class_2\032d7b0b4bf6.png,class_2,032d7b0b4bf6.png,WARNING,0.21618915347672,0.038307236171403,0.000171335570204457,0.700184753075797,1.02961478917968,1,WARNING,PASS,WARNING,PASS,PASS,PASS,
class_2\03ff7d159f10.png,class_2,03ff7d159f10.png,PASS,0.332187440787354,0.0453997443614514,0.000600087780854256,0.744506342351911,1.09869340717998,1,PASS,PASS,PASS,PASS,PASS,PASS,
class_2\052d9a3fe55a.png,class_2,052d9a3fe55a.png,WARNING,0.203618955545253,0.0463596902757735,0.000219511636150016,0.639201634636485,1.15463139745421,1,WARNING,WARNING,PASS,PASS,PASS,PASS,
class_2\07083738b75e.png,class_2,07083738b75e.png,PASS,0.350287588620241,0.0436329140399381,0.000658199973125,0.744298899929193,1.03131732622855,1,PASS,PASS,PASS,PASS,PASS,PASS,
class_2\08752092140d.png,class_2,08752092140d.png,PASS,0.285248625160768,0.0573958558010684,0.000642639478420102,0.753500512765301,1.0889699842469,1,PASS,PASS,PASS,PASS,PASS,PASS,
class_2\094858f005ab.png,class_2,094858f005ab.png,PASS,0.24782539576852,0.0461366947665978,0.000556216382983746,0.771360572374645,1.04534636189262,1,PASS,PASS,PASS,PASS,PASS,PASS,
class_2\09eeafa9656a.png,class_2,09eeafa9656a.png,WARNING,0.501722385245104,0.0549499450950583,0.00109873477149332,0.744714803790039,1.11317363489042,1,PASS,WARNING,PASS,PASS,PASS,PASS,
class_2\0a09aa7356c0.png,class_2,0a09aa7356c0.png,WARNING,0.25761518560103,0.0684996764181443,0.0002190524592313,0.776719731044358,1.32227765697711,1,WARNING,PASS,PASS,PASS,WARNING,PASS,
class_2\0a9ec1e99ce4.png,class_2,0a9ec1e99ce4.png,PASS,0.265027035419885,0.0853150479957421,0.000342436317184608,0.738992371485903,1.00331264079997,1,PASS,PASS,PASS,PASS,PASS,PASS,
class_2\0afdfe5f422c.png,class_2,0afdfe5f422c.png,PASS,0.431130176278597,0.0461688936996803,0.000985613898990434,0.744729652300296,1.05455287185238,1,PASS,PASS,PASS,PASS,PASS,PASS,
class_2\0c55d58bebaf.png,class_2,0c55d58bebaf.png,PASS,0.313830111631979,0.0549195861529566,0.000735538960317415,0.831428390224921,1.12373870685776,1,PASS,PASS,PASS,PASS,PASS,PASS,
class_2\1006345f70b7.png,class_2,1006345f70b7.png,WARNING,0.413415377786208,0.0827901987605609,0.00161428785337975,0.832178477965636,1.1951436746662,1,WARNING,PASS,PASS,PASS,PASS,PASS,
class_2\10ecc5292ab1.png,class_2,10ecc5292ab1.png,WARNING,0.293115041988392,0.0375023960606065,0.000588387946405253,0.752270149760314,1.10840333521502,1,PASS,PASS,WARNING,PASS,PASS,PASS,
class_2\1124ffcd76c2.png,class_2,1124ffcd76c2.png,PASS,0.271076269280581,0.0626288282095293,0.000427627494585405,0.7370188035233,1.14724159680076,1,PASS,PASS,PASS,PASS,PASS,PASS,
class_2\12025b34deb8.png,class_2,12025b34deb8.png,WARNING,0.273900292048341,0.0782450856581339,0.000231849905380511,0.900806819563223,1.11790953525999,1,WARNING,PASS,PASS,WARNING,PASS,PASS,
class_2\12e6e66c80a7.png,class_2,12e6e66c80a7.png,FAIL,0.348371760383457,0.0838028703047604,0.00162312350806123,0.988772786458333,1.09697714236367,1,WARNING,PASS,PASS,FAIL,PASS,PASS,Low Foreground
class_2\13063d1bc4ea.png,class_2,13063d1bc4ea.png,WARNING,0.206422359721024,0.0444416909751324,0.000239232452052661,0.515018045098538,0.945936570087986,1,PASS,WARNING,PASS,PASS,PASS,PASS,
class_2\1411c8ab7161.png,class_2,1411c8ab7161.png,PASS,0.337173381694959,0.0634382129333402,0.000820491212429313,0.733160239361702,1.07498556690451,1,PASS,PASS,PASS,PASS,PASS,PASS,
class_2\144a1a426137.png,class_2,144a1a426137.png,PASS,0.348658242308,0.0601431199970395,0.000760700313488901,0.785297052154195,1.17255094215464,1,PASS,PASS,PASS,PASS,PASS,PASS,
class_2\14515b8f19b6.png,class_2,14515b8f19b6.png,FAIL,0.516817023388075,0.0577108545667739,0.00165450220023134,0.745296224868168,1.11631757673872,1,WARNING,FAIL,PASS,PASS,PASS,PASS,Overexposure
class_2\14ee87d6cc42.png,class_2,14ee87d6cc42.png,FAIL,0.335782853064905,0.0638374309991046,0.000766603805532756,0.988662109375,1.24532221400567,1,PASS,PASS,PASS,FAIL,PASS,PASS,Low Foreground
class_2\175dd560810a.png,class_2,175dd560810a.png,PASS,0.360396531790589,0.0713109872891829,0.000813042339294569,0.832027792825098,1.16328832453346,1,PASS,PASS,PASS,PASS,PASS,PASS,
class_2\1968183f0e61.png,class_2,1968183f0e61.png,PASS,0.379068200876104,0.0433479721225975,0.000782600576462209,0.744033955922634,1.07066680759929,1,PASS,PASS,PASS,PASS,PASS,PASS,
class_2\1c5ad36fb799.png,class_2,1c5ad36fb799.png,PASS,0.457767412114521,0.0530909239660598,0.00106020331701911,0.744818743361843,1.06971778195847,1,PASS,PASS,PASS,PASS,PASS,PASS,
class_2\1e4b3b823b95.png,class_2,1e4b3b823b95.png,FAIL,0.412480470903789,0.11959459734476,0.00054572387247958,0.902717894959529,1.43661312887644,1,PASS,PASS,WARNING,WARNING,FAIL,PASS,Uneven Illumination
class_2\1f4bf8e28b41.png,class_2,1f4bf8e28b41.png,WARNING,0.422195694836345,0.0342459029837968,0.00115224698614415,0.832739017151402,1.01829760089654,1,PASS,PASS,WARNING,PASS,PASS,PASS,
class_2\207a580de0ea.png,class_2,207a580de0ea.png,PASS,0.308790598650456,0.0392866440908967,0.000549505097280318,0.743778474202024,1.04852624325205,1,PASS,PASS,PASS,PASS,PASS,PASS,
class_2\217dad18a5ed.png,class_2,217dad18a5ed.png,PASS,0.265982817870674,0.0552805239738198,0.000419172370470205,0.751941003706143,1.19997673875507,1,PASS,PASS,PASS,PASS,PASS,PASS,
class_2\23175b7ef453.png,class_2,23175b7ef453.png,PASS,0.443746826817992,0.046228060444745,0.000885975623142621,0.743453553859914,1.13421505977382,1,PASS,PASS,PASS,PASS,PASS,PASS,
class_2\2376e5415458.png,class_2,2376e5415458.png,WARNING,0.31471705989582,0.0943070178270507,0.00061672355647785,0.897498354154398,1.23199552779309,1,PASS,PASS,PASS,WARNING,PASS,PASS,
class_2\239f2c348ea4.png,class_2,239f2c348ea4.png,FAIL,0.223045446270842,0.142034640920434,0.000786719106189386,0.541412751238134,0.817688302803896,1,PASS,PASS,FAIL,PASS,WARNING,PASS,Low Contrast
class_2\23d7ca170bdb.png,class_2,23d7ca170bdb.png,PASS,0.320779404793263,0.0516930065049758,0.000609494508051612,0.74390053769076,1.16752400082487,1,PASS,PASS,PASS,PASS,PASS,PASS,
class_2\27bab1432f61.png,class_2,27bab1432f61.png,PASS,0.304152840911646,0.0524530653353103,0.000653053037187317,0.831820123905148,1.04393698014818,1,PASS,PASS,PASS,PASS,PASS,PASS,
class_2\291e2ff3d834.png,class_2,291e2ff3d834.png,FAIL,0.470028867312935,0.0663357182321799,0.00222243921407,0.832690378276925,0.956368135883846,1,FAIL,WARNING,PASS,PASS,PASS,PASS,High Sharpness
class_2\295fdc964f6e.png,class_2,295fdc964f6e.png,PASS,0.297765153082385,0.0447257377373679,0.000642752629711595,0.831843489638966,1.11271588476941,1,PASS,PASS,PASS,PASS,PASS,PASS,
class_2\2a099b247b10.png,class_2,2a099b247b10.png,PASS,0.407233081095227,0.0624494066463223,0.00101156912479131,0.786457142857143,1.13412413161147,1,PASS,PASS,PASS,PASS,PASS,PASS,
class_2\2cceb07ff706.png,class_2,2cceb07ff706.png,PASS,0.395272626387078,0.0470038053734542,0.00088854759643223,0.733773271276596,1.09694914434645,1,PASS,PASS,PASS,PASS,PASS,PASS,
class_2\2fb3a8606a77.png,class_2,2fb3a8606a77.png,WARNING,0.35173546038166,0.0459029611338001,0.00136356391444435,0.74974612643223,0.981697608391566,1,WARNING,PASS,PASS,PASS,PASS,PASS,
class_2\2fdffb6160a6.png,class_2,2fdffb6160a6.png,PASS,0.325153329427313,0.0463149776987596,0.000704345304179517,0.831899519714957,1.15018969722757,1,PASS,PASS,PASS,PASS,PASS,PASS,
class_2\300305ce82d2.png,class_2,300305ce82d2.png,PASS,0.347733805129569,0.0472251257133454,0.000574458651638805,0.743709326727784,1.12660223277231,1,PASS,PASS,PASS,PASS,PASS,PASS,
class_2\302bcdb635ff.png,class_2,302bcdb635ff.png,PASS,0.384630781461136,0.0802745683188717,0.000698948260941534,0.71350449232642,1.25817553064052,1,PASS,PASS,PASS,PASS,PASS,PASS,
class_2\3428230bf1bd.png,class_2,3428230bf1bd.png,FAIL,0.343630891694109,0.0263987367684166,0.000862980392804638,0.832089068269906,1.05785914536386,1,PASS,PASS,FAIL,PASS,PASS,PASS,Low Contrast
class_2\39134907127a.png,class_2,39134907127a.png,PASS,0.367084239840231,0.0445109665830802,0.000770949218425222,0.74250834428047,1.11816082898307,1,PASS,PASS,PASS,PASS,PASS,PASS,
class_2\3b58b02c89ed.png,class_2,3b58b02c89ed.png,PASS,0.440413402163682,0.0525750212035588,0.00104575672222154,0.744461942394768,1.13420656260598,1,PASS,PASS,PASS,PASS,PASS,PASS,
class_2\3ddb86eb530e.png,class_2,3ddb86eb530e.png,PASS,0.264308865652903,0.0725429778704999,0.000375346494013146,0.802745404656993,1.15933523413783,1,PASS,PASS,PASS,PASS,PASS,PASS,
class_2\3e1f8fecb06f.png,class_2,3e1f8fecb06f.png,FAIL,0.261669020937013,0.0715825667401112,0.000361493838851392,0.734458776595745,1.36437458292017,1,PASS,PASS,PASS,PASS,FAIL,PASS,Uneven Illumination
class_2\3e86335bc2fd.png,class_2,3e86335bc2fd.png,PASS,0.27275137439052,0.0642606181919447,0.000389676032021309,0.73175,1.23863516904808,1,PASS,PASS,PASS,PASS,PASS,PASS,
class_2\3f47f83217b5.png,class_2,3f47f83217b5.png,PASS,0.343795764483176,0.054936927872209,0.000830386096130433,0.831611262855922,1.06336029348911,1,PASS,PASS,PASS,PASS,PASS,PASS,
class_2\3f5b4c2948e8.png,class_2,3f5b4c2948e8.png,PASS,0.380250865158182,0.0575766070567997,0.00101444604926059,0.787490249433107,1.17069935524991,1,PASS,PASS,PASS,PASS,PASS,PASS,
class_2\3fc219927a97.png,class_2,3fc219927a97.png,PASS,0.280806602189694,0.0569702194418913,0.000964397560978647,0.831098647267068,0.973325161865745,1,PASS,PASS,PASS,PASS,PASS,PASS,
class_2\4242c0d87f57.png,class_2,4242c0d87f57.png,WARNING,0.268984968994101,0.0975884494443514,0.000567651813022137,0.785298651906418,1.26438588944352,1,PASS,PASS,PASS,PASS,WARNING,PASS,
class_2\436e1793d240.png,class_2,436e1793d240.png,WARNING,0.230019039113432,0.0574058644345358,0.000247183140821003,0.716037956278131,0.88342595432667,1,PASS,PASS,PASS,PASS,WARNING,PASS,
class_2\44855f666225.png,class_2,44855f666225.png,WARNING,0.401389863956732,0.10818235022996,0.000713976158180902,0.887273390347214,1.29855339476285,1,PASS,PASS,WARNING,WARNING,WARNING,PASS,
class_2\4489d421e5aa.png,class_2,4489d421e5aa.png,PASS,0.356179260187547,0.051084068106068,0.000676873692247544,0.744247075716921,1.17626950992177,1,PASS,PASS,PASS,PASS,PASS,PASS,
class_2\465c618f7b23.png,class_2,465c618f7b23.png,PASS,0.336118764789513,0.049418263189369,0.000875198019963827,0.83185994102298,1.09895709456563,1,PASS,PASS,PASS,PASS,PASS,PASS,
class_2\467b7d9d811c.png,class_2,467b7d9d811c.png,PASS,0.283925989316309,0.0426953045185051,0.000592774623331551,0.831092686620685,1.14269254935742,1,PASS,PASS,PASS,PASS,PASS,PASS,
class_2\46f56c38051f.png,class_2,46f56c38051f.png,PASS,0.40408934134965,0.0593234714954276,0.00133487971230629,0.752299688508765,1.07941864581918,1,PASS,PASS,PASS,PASS,PASS,PASS,
class_2\4818672273af.png,class_2,4818672273af.png,WARNING,0.297382876309302,0.0322854560003852,0.000668314612277008,0.753674665927019,1.02148149820639,1,PASS,PASS,WARNING,PASS,PASS,PASS,
class_2\48afe8c47454.png,class_2,48afe8c47454.png,WARNING,0.397591755712298,0.0359316684524249,0.000828849677045168,0.743805696470829,1.08157763968565,1,PASS,PASS,WARNING,PASS,PASS,PASS,
class_2\48c49f662f7d.png,class_2,48c49f662f7d.png,PASS,0.244834051391859,0.0476323912030856,0.000405331109273274,0.712072473404255,1.18615859973258,1,PASS,PASS,PASS,PASS,PASS,PASS,
class_2\49419f8d5cb4.png,class_2,49419f8d5cb4.png,PASS,0.338753226165043,0.0441218058623944,0.000602530342979499,0.744156965639965,1.07487490912328,1,PASS,PASS,PASS,PASS,PASS,PASS,
class_2\49d69c4c6290.png,class_2,49d69c4c6290.png,PASS,0.320427612224514,0.0512338400746519,0.000818524888117628,0.831797711874752,1.11572942971667,1,PASS,PASS,PASS,PASS,PASS,PASS,
class_2\4c78d9d18da9.png,class_2,4c78d9d18da9.png,PASS,0.299671419296924,0.0762246186765926,0.000721816366561788,0.81638753357036,1.16663676040095,1,PASS,PASS,PASS,PASS,PASS,PASS,
class_2\4ce74e5eb51d.png,class_2,4ce74e5eb51d.png,PASS,0.44419801834385,0.0467237093232634,0.000985294432881613,0.744727905416737,1.10583208964916,1,PASS,PASS,PASS,PASS,PASS,PASS,
class_2\4d1cf360b2d7.png,class_2,4d1cf360b2d7.png,FAIL,0.454862320371246,0.0440278122968765,0.00185910642247903,0.751034540491123,1.04296962643691,1,FAIL,PASS,PASS,PASS,PASS,PASS,High Sharpness
class_2\4dbce359d0e1.png,class_2,4dbce359d0e1.png,PASS,0.40222601348011,0.0603382848937947,0.00114555703455789,0.750178258933704,1.06883272822991,1,PASS,PASS,PASS,PASS,PASS,PASS,
class_2\4ed31cc07366.png,class_2,4ed31cc07366.png,FAIL,0.552356751089663,0.0564301385742042,0.00172050589696879,0.744614357985354,1.10516386385575,1,WARNING,FAIL,PASS,PASS,PASS,PASS,Overexposure
class_2\4ef0b485a7da.png,class_2,4ef0b485a7da.png,PASS,0.346405141203815,0.0558887900949599,0.000716200265384191,0.785434920634921,1.0763083118992,1,PASS,PASS,PASS,PASS,PASS,PASS,
class_2\4f20f9a9a65b.png,class_2,4f20f9a9a65b.png,PASS,0.219886537154468,0.0802167033418813,0.000273866516577071,0.696968841814109,1.10034078192552,1,PASS,PASS,PASS,PASS,PASS,PASS,
class_2\4f60129e9a5b.png,class_2,4f60129e9a5b.png,PASS,0.380566639789551,0.0478679331662893,0.000816846389594668,0.744545501658375,1.06655707417825,1,PASS,PASS,PASS,PASS,PASS,PASS,
class_2\51405d042000.png,class_2,51405d042000.png,PASS,0.446528999166029,0.0513066215512027,0.000977205823917044,0.745006533344513,1.06190200496077,1,PASS,PASS,PASS,PASS,PASS,PASS,
class_2\52230bbef30e.png,class_2,52230bbef30e.png,WARNING,0.359649089163822,0.035881980429555,0.00112896150596058,0.832289822840052,1.06343366476741,1,PASS,PASS,WARNING,PASS,PASS,PASS,
class_2\524f240e0c90.png,class_2,524f240e0c90.png,PASS,0.405440051732617,0.0585238152037796,0.000839088494822068,0.744457429612238,1.07598508473641,1,PASS,PASS,PASS,PASS,PASS,PASS,
class_2\5265dc9acdf8.png,class_2,5265dc9acdf8.png,PASS,0.415230347314863,0.0398252936064561,0.000851598283394884,0.744850478413178,1.06116091558688,1,PASS,PASS,PASS,PASS,PASS,PASS,
class_2\52886bed8a07.png,class_2,52886bed8a07.png,WARNING,0.417630054910545,0.0345730020356743,0.00088357081244268,0.744856592505637,1.04969691959731,1,PASS,PASS,WARNING,PASS,PASS,PASS,
class_2\541db13517e2.png,class_2,541db13517e2.png,PASS,0.251107544287643,0.0617007595903031,0.000353061330120452,0.52114613596232,1.1173714879015,1,PASS,PASS,PASS,PASS,PASS,PASS,
class_2\55092c0071eb.png,class_2,55092c0071eb.png,PASS,0.31229071794198,0.0529780806423412,0.000841469381107462,0.831549987411115,1.20254960676572,1,PASS,PASS,PASS,PASS,PASS,PASS,
class_2\58529a8638d0.png,class_2,58529a8638d0.png,WARNING,0.290517764968586,0.0349735169832809,0.000463909721550009,0.74360858977584,1.09279741649143,1,PASS,PASS,WARNING,PASS,PASS,PASS,
class_2\5905a9b06a73.png,class_2,5905a9b06a73.png,WARNING,0.286953254396335,0.117417374054166,0.000386258267743764,0.758244423464627,1.03726736775162,1,PASS,PASS,WARNING,PASS,PASS,PASS,
class_2\599b89048034.png,class_2,599b89048034.png,PASS,0.348055484891242,0.0407341834799553,0.00109860753355102,0.750516757024064,1.03760591028811,1,PASS,PASS,PASS,PASS,PASS,PASS,
class_2\5a2c27b95c7c.png,class_2,5a2c27b95c7c.png,PASS,0.265071380482955,0.0516939198476162,0.000632555317309866,0.830691415906247,0.973714773986335,1,PASS,PASS,PASS,PASS,PASS,PASS,
class_2\5cde55f745af.png,class_2,5cde55f745af.png,PASS,0.358469160604124,0.0492699090456018,0.000798749364833741,0.831896420178838,1.17259053397098,1,PASS,PASS,PASS,PASS,PASS,PASS,
class_2\5cf9127f251a.png,class_2,5cf9127f251a.png,PASS,0.273402070279766,0.0724353283627195,0.000701214552827144,0.734819581865951,1.2170355249568,1,PASS,PASS,PASS,PASS,PASS,PASS,
class_2\5dc23e440de3.png,class_2,5dc23e440de3.png,PASS,0.362908572253981,0.0623305913660267,0.000830031716052728,0.744884979363482,1.12546763844916,1,PASS,PASS,PASS,PASS,PASS,PASS,
class_2\5eb311bcb5f9.png,class_2,5eb311bcb5f9.png,PASS,0.261842442099532,0.0594202986610052,0.000455829159429027,0.732841755319149,1.19030485410228,1,PASS,PASS,PASS,PASS,PASS,PASS,
class_2\61ac9b0dc6b9.png,class_2,61ac9b0dc6b9.png,PASS,0.293237130362996,0.0610171326532819,0.000550219382799119,0.716535006236374,1.09817148311577,1,PASS,PASS,PASS,PASS,PASS,PASS,
class_2\63d217b059b6.png,class_2,63d217b059b6.png,WARNING,0.359918590231713,0.0671040385877471,0.000748191872672833,0.831791274376659,1.26390230535624,1,PASS,PASS,PASS,PASS,WARNING,PASS,
class_2\64a13949e879.png,class_2,64a13949e879.png,PASS,0.424012888091284,0.050392611736477,0.00106417186467638,0.744535602651536,1.13406882005031,1,PASS,PASS,PASS,PASS,PASS,PASS,
class_2\69591ebb198d.png,class_2,69591ebb198d.png,WARNING,0.364719714241424,0.0368542283692536,0.000809403784532303,0.744102375528723,1.03802900915347,1,PASS,PASS,WARNING,PASS,PASS,PASS,
class_2\6c2555a9cae4.png,class_2,6c2555a9cae4.png,WARNING,0.32340232550517,0.0786495909533676,0.00134306700765087,0.832110526596881,0.985275115477279,1,WARNING,PASS,PASS,PASS,PASS,PASS,
class_2\6cbc3dad809c.png,class_2,6cbc3dad809c.png,PASS,0.364867876665093,0.0558821350554762,0.000856407494607751,0.744432099800622,1.18066355937521,1,PASS,PASS,PASS,PASS,PASS,PASS,
class_2\6d454444f17c.png,class_2,6d454444f17c.png,WARNING,0.422823952656666,0.0535311397018616,0.00156822702775049,0.832091214102603,1.00476000655589,1,WARNING,PASS,PASS,PASS,PASS,PASS,
class_2\6dfd80748e72.png,class_2,6dfd80748e72.png,WARNING,0.233305200634867,0.0371132105181122,0.000520747118452565,0.82934121028779,1.08613859040412,1,PASS,PASS,WARNING,PASS,PASS,PASS,
class_2\7247a2c97f71.png,class_2,7247a2c97f71.png,WARNING,0.345350753681964,0.0365966093647094,0.000655274741688018,0.744652498276408,1.04433892260379,1,PASS,PASS,WARNING,PASS,PASS,PASS,
class_2\7350c50667c5.png,class_2,7350c50667c5.png,PASS,0.395976026265978,0.0515227943826531,0.00125778214200231,0.832513227866451,1.01808373134361,1,PASS,PASS,PASS,PASS,PASS,PASS,
class_2\760b6f4c6d82.png,class_2,760b6f4c6d82.png,PASS,0.402717908273869,0.0528396306076585,0.00112559551620427,0.832369933927427,1.09452527426332,1,PASS,PASS,PASS,PASS,PASS,PASS,
class_2\77f69c7ff324.png,class_2,77f69c7ff324.png,PASS,0.275316444236517,0.0975675762979015,0.00024403752000328,0.867659015523837,1.17124723837412,1,PASS,PASS,PASS,PASS,PASS,PASS,
class_2\7877be80901c.png,class_2,7877be80901c.png,PASS,0.284065054432642,0.0646369404303378,0.00048913263926606,0.743460395820523,1.25892269295099,1,PASS,PASS,PASS,PASS,PASS,PASS,
class_2\79540be95177.png,class_2,79540be95177.png,PASS,0.373587429998956,0.0516917846977706,0.00094789374243882,0.744342135297296,1.08152901376704,1,PASS,PASS,PASS,PASS,PASS,PASS,
class_2\7d8f67cadc29.png,class_2,7d8f67cadc29.png,WARNING,0.473733123707511,0.0427072997174776,0.00113912929058306,0.745104213250228,1.02042535190582,1,PASS,WARNING,PASS,PASS,PASS,PASS,
class_2\8000a6b97a84.png,class_2,8000a6b97a84.png,PASS,0.285061473207023,0.0682579274570378,0.000570631299637703,0.683431371714112,1.05672815232016,1,PASS,PASS,PASS,PASS,PASS,PASS,
class_2\840527bc6628.png,class_2,840527bc6628.png,PASS,0.430664241526898,0.0444878817539835,0.000914425265037566,0.744729070005776,1.10483287445148,1,PASS,PASS,PASS,PASS,PASS,PASS,
class_2\857002ed4e49.png,class_2,857002ed4e49.png,PASS,0.430664241526898,0.0444878817539835,0.000914425265037566,0.744729070005776,1.10483287445148,1,PASS,PASS,PASS,PASS,PASS,PASS,
class_2\869bbd3170cc.png,class_2,869bbd3170cc.png,PASS,0.328843133961078,0.0418982179634301,0.000758602988897307,0.743531581325582,1.0817449652144,1,PASS,PASS,PASS,PASS,PASS,PASS,
class_2\8871e6a26596.png,class_2,8871e6a26596.png,PASS,0.241717629236341,0.0519788362438019,0.000325400512185709,0.69821785850709,0.973826929253262,1,PASS,PASS,PASS,PASS,PASS,PASS,
class_2\891392c9683c.png,class_2,891392c9683c.png,FAIL,0.18917103508011,0.0357740500479493,0.000166188359927025,0.557979154201129,0.968176797672713,1,WARNING,FAIL,WARNING,PASS,PASS,PASS,Underexposure
class_2\89b725411cee.png,class_2,89b725411cee.png,PASS,0.315957616583524,0.0672016799517262,0.000809814931353581,0.831544980468154,1.13136197805955,1,PASS,PASS,PASS,PASS,PASS,PASS,
class_2\8cb6b5b2f19c.png,class_2,8cb6b5b2f19c.png,PASS,0.30930625749607,0.0395113510976328,0.000502172740933099,0.743466946633872,1.08772062981577,1,PASS,PASS,PASS,PASS,PASS,PASS,
class_2\8d3d67661620.png,class_2,8d3d67661620.png,PASS,0.399985594962905,0.0581784235896717,0.00120599762165679,0.832511082033753,1.11118225906885,1,PASS,PASS,PASS,PASS,PASS,PASS,
class_2\8d7bb0649a02.png,class_2,8d7bb0649a02.png,PASS,0.328983297946863,0.050275460452803,0.00056523959641303,0.74369123920426,1.12977394050214,1,PASS,PASS,PASS,PASS,PASS,PASS,
class_2\8dfa629ca74e.png,class_2,8dfa629ca74e.png,PASS,0.324376993214941,0.0552799180034723,0.000619755926620921,0.784373696145125,1.16999503763126,1,PASS,PASS,PASS,PASS,PASS,PASS,
class_2\907aaff827e5.png,class_2,907aaff827e5.png,PASS,0.352698395562042,0.0497634853180896,0.00112505618871226,0.745276426854492,1.00352819383661,1,PASS,PASS,PASS,PASS,PASS,PASS,
class_2\91e8af9ceee9.png,class_2,91e8af9ceee9.png,PASS,0.453354336415853,0.0415771283389512,0.00107468441998579,0.744520899714909,1.06220488397025,1,PASS,PASS,PASS,PASS,PASS,PASS,
class_2\92b0d27fc0ec.png,class_2,92b0d27fc0ec.png,PASS,0.283328138347781,0.0586577380046397,0.000754686263400481,0.744037740837013,1.06991970308436,1,PASS,PASS,PASS,PASS,PASS,PASS,
class_2\962cf85e4f6d.png,class_2,962cf85e4f6d.png,WARNING,0.453585945028158,0.0485618705711695,0.00140827840476987,0.83232987838374,1.06824884911126,1,WARNING,PASS,PASS,PASS,PASS,PASS,
class_2\98104c8c67eb.png,class_2,98104c8c67eb.png,PASS,0.260915748394902,0.0580148010603237,0.000535926159573252,0.827206345179601,1.18488299920073,1,PASS,PASS,PASS,PASS,PASS,PASS,
class_2\9a3c03a5ad0f.png,class_2,9a3c03a5ad0f.png,PASS,0.309865240458362,0.0613016058465677,0.000509331684560757,0.74386654624816,1.10880651099853,1,PASS,PASS,PASS,PASS,PASS,PASS,
class_2\9a4f370d341b.png,class_2,9a4f370d341b.png,WARNING,0.444589176273974,0.0407851932897289,0.00145258291693475,0.832409274193548,1.05871099463231,1,WARNING,PASS,PASS,PASS,PASS,PASS,
class_2\9a78c6a7b1c2.png,class_2,9a78c6a7b1c2.png,PASS,0.307310943754043,0.0555794523189306,0.000664513142486814,0.831366399502548,1.13605432437995,1,PASS,PASS,PASS,PASS,PASS,PASS,
class_2\9a7bd084395e.png,class_2,9a7bd084395e.png,WARNING,0.320060663975801,0.115757325690387,0.000309263171057744,0.782865010664448,1.04956934851156,1,PASS,PASS,WARNING,PASS,PASS,PASS,
class_2\9ad92f1c1542.png,class_2,9ad92f1c1542.png,PASS,0.35392660951325,0.0745437329350052,0.00117816117744283,0.831895466475417,1.21017433791387,1,PASS,PASS,PASS,PASS,PASS,PASS,
class_2\9b32e8ef0ca0.png,class_2,9b32e8ef0ca0.png,PASS,0.304379076946521,0.0776708795246052,0.00063729147970333,0.831549272133549,1.11055597348433,1,PASS,PASS,PASS,PASS,PASS,PASS,
class_2\9b418ce42c13.png,class_2,9b418ce42c13.png,PASS,0.333762409469573,0.0552401825903173,0.000640675099297969,0.733808510638298,1.15079193187345,1,PASS,PASS,PASS,PASS,PASS,PASS,
class_2\9b95d6203406.png,class_2,9b95d6203406.png,PASS,0.33573167859489,0.0994211797157095,0.00100772743654532,0.866402994791667,1.18850169633781,1,PASS,PASS,PASS,PASS,PASS,PASS,
class_2\9da74370835a.png,class_2,9da74370835a.png,PASS,0.330284636947076,0.0516933124983213,0.00089138115709615,0.831748834574419,1.12480828354695,1,PASS,PASS,PASS,PASS,PASS,PASS,
class_2\9e5ec293267c.png,class_2,9e5ec293267c.png,PASS,0.292401000022812,0.0390445412364507,0.000578820951590204,0.749862342589264,1.13625513395547,1,PASS,PASS,PASS,PASS,PASS,PASS,
class_2\9eaac43744f5.png,class_2,9eaac43744f5.png,WARNING,0.460253950291087,0.0422337417129733,0.00116629234128888,0.745519971537444,1.05181434996646,1,PASS,WARNING,PASS,PASS,PASS,PASS,
class_2\9f1efb799b7b.png,class_2,9f1efb799b7b.png,PASS,0.328393780932962,0.0672098187153152,0.000490347761681594,0.733033909574468,1.14045450357122,1,PASS,PASS,PASS,PASS,PASS,PASS,
class_2\9f436886e056.png,class_2,9f436886e056.png,PASS,0.308447926259171,0.049328535086624,0.000608882283183775,0.784143310657596,1.23099871593104,1,PASS,PASS,PASS,PASS,PASS,PASS,
class_2\a19507501b40.png,class_2,a19507501b40.png,WARNING,0.205301613277426,0.0433899253320157,0.00024085578119232,0.567336975003261,1.14730953547153,1,PASS,WARNING,PASS,PASS,PASS,PASS,
class_2\a3475dc3ac80.png,class_2,a3475dc3ac80.png,PASS,0.319900414348207,0.0511843188963801,0.000694411942534815,0.831803434095279,1.08220070492319,1,PASS,PASS,PASS,PASS,PASS,PASS,
class_2\a49b0b4484ea.png,class_2,a49b0b4484ea.png,WARNING,0.250473223743269,0.0591930898554932,0.000216419835656827,0.711304275409567,1.23185238436359,1,WARNING,PASS,PASS,PASS,PASS,PASS,
class_2\a4d41c495666.png,class_2,a4d41c495666.png,PASS,0.2397570084457,0.068928165450055,0.000317105724674907,0.723592861213774,1.10866820565087,1,PASS,PASS,PASS,PASS,PASS,PASS,
class_2\a664d2055886.png,class_2,a664d2055886.png,WARNING,0.413801117720104,0.054657382387943,0.00149755361968455,0.832598107470931,1.06078441352636,1,WARNING,PASS,PASS,PASS,PASS,PASS,
class_2\a66c3165876f.png,class_2,a66c3165876f.png,PASS,0.271542663873445,0.0500407089909143,0.00057039742435201,0.832465065843684,1.08930459648446,1,PASS,PASS,PASS,PASS,PASS,PASS,
class_2\a879c3569552.png,class_2,a879c3569552.png,PASS,0.404198543804192,0.0596265674091366,0.000888317570366257,0.744141971556077,1.14616404727542,1,PASS,PASS,PASS,PASS,PASS,PASS,
class_2\a9c7b83caf81.png,class_2,a9c7b83caf81.png,WARNING,0.24635871710552,0.086821655291026,0.000317781650151208,0.780696401873659,1.276444158393,1,PASS,PASS,PASS,PASS,WARNING,PASS,
class_2\aa0afc41ed19.png,class_2,aa0afc41ed19.png,PASS,0.314859129063166,0.0396187637467148,0.000806820785340273,0.832051873836482,1.05781892569513,1,PASS,PASS,PASS,PASS,PASS,PASS,
class_2\abf09c44d5f4.png,class_2,abf09c44d5f4.png,PASS,0.359329117893802,0.0576563383109468,0.00072546658015487,0.743781240100993,1.20576105319096,1,PASS,PASS,PASS,PASS,PASS,PASS,
class_2\abf0f56c6f12.png,class_2,abf0f56c6f12.png,PASS,0.427814299269745,0.0423609708375226,0.000833932300497393,0.742484906926044,1.06489298821214,1,PASS,PASS,PASS,PASS,PASS,PASS,
class_2\ac2c814949f9.png,class_2,ac2c814949f9.png,PASS,0.421407881376059,0.0407095025083469,0.00114336097807811,0.744402693927367,1.03119587585666,1,PASS,PASS,PASS,PASS,PASS,PASS,
class_2\aed4e743c230.png,class_2,aed4e743c230.png,PASS,0.261278791043482,0.0601931210074839,0.00048180351391603,0.828947330774865,1.25056925520409,1,PASS,PASS,PASS,PASS,PASS,PASS,
class_2\af8aa32beee4.png,class_2,af8aa32beee4.png,WARNING,0.439705633627171,0.056260486428068,0.00150382470071575,0.832187061296426,1.0953568645094,1,WARNING,PASS,PASS,PASS,PASS,PASS,
class_2\b0cc9f8d06e4.png,class_2,b0cc9f8d06e4.png,WARNING,0.239448576385974,0.0359591183653839,0.000403774117559595,0.750093748460335,1.21405403485337,1,PASS,PASS,WARNING,PASS,PASS,PASS,
class_2\b0d35981708b.png,class_2,b0d35981708b.png,PASS,0.444636802557819,0.042773130995441,0.0010774836212154,0.744626440596642,1.0572130771381,1,PASS,PASS,PASS,PASS,PASS,PASS,
class_2\b2748ac28fc1.png,class_2,b2748ac28fc1.png,PASS,0.375637717028809,0.078582090230651,0.000772414486843569,0.719442830396822,1.15821396186772,1,PASS,PASS,PASS,PASS,PASS,PASS,
class_2\b60dbf9f0744.png,class_2,b60dbf9f0744.png,PASS,0.298729541757443,0.0430735465995729,0.000651247566498574,0.831422668004395,1.13027432316532,1,PASS,PASS,PASS,PASS,PASS,PASS,
class_2\b83a6eca125f.png,class_2,b83a6eca125f.png,PASS,0.352783076950752,0.0488682778135074,0.000772278929101744,0.74483242728306,1.09363349293623,1,PASS,PASS,PASS,PASS,PASS,PASS,
class_2\b8fb9f55cd6d.png,class_2,b8fb9f55cd6d.png,PASS,0.408804250224559,0.0467583680260143,0.00100833077821337,0.74438478837088,1.04430981458857,1,PASS,PASS,PASS,PASS,PASS,PASS,
class_2\b98f77098b9d.png,class_2,b98f77098b9d.png,WARNING,0.253004146119328,0.0567047062268417,0.000310492192377252,0.885192796800824,1.15239727751728,1,PASS,PASS,PASS,WARNING,PASS,PASS,
class_2\b9b6ee2b9453.png,class_2,b9b6ee2b9453.png,WARNING,0.331276546798834,0.0817884306853115,0.000723743698281403,0.899471250391496,1.10694727171833,1,PASS,PASS,PASS,WARNING,PASS,PASS,
class_2\ba25f947f4ec.png,class_2,ba25f947f4ec.png,WARNING,0.513299926444056,0.0489175242864439,0.00174763422495485,0.745669621229061,1.0486290422648,1,WARNING,WARNING,PASS,PASS,PASS,PASS,
class_2\ba2624883599.png,class_2,ba2624883599.png,FAIL,0.516817023388075,0.0577108545667739,0.00165450220023134,0.745296224868168,1.11631757673872,1,WARNING,FAIL,PASS,PASS,PASS,PASS,Overexposure
class_2\be68322c7223.png,class_2,be68322c7223.png,PASS,0.446727492440753,0.0871176120015538,0.000896454384720964,0.744839269243669,1.20592236849165,1,PASS,PASS,PASS,PASS,PASS,PASS,
class_2\c1c8550508e0.png,class_2,c1c8550508e0.png,PASS,0.24919821875908,0.0557368431488842,0.000386550961432677,0.743229370469749,1.03384323153333,1,PASS,PASS,PASS,PASS,PASS,PASS,
class_2\c252da9b41d8.png,class_2,c252da9b41d8.png,PASS,0.420679095500404,0.0668863050609196,0.00115342175274819,0.744560495742262,1.15531099588191,1,PASS,PASS,PASS,PASS,PASS,PASS,
class_2\c3acf47700ea.png,class_2,c3acf47700ea.png,PASS,0.310064551924543,0.0726197916335869,0.000979955643558387,0.75366029572507,1.19885718718854,1,PASS,PASS,PASS,PASS,PASS,PASS,
class_2\c48ae5da188e.png,class_2,c48ae5da188e.png,WARNING,0.365418287502875,0.0640368414446889,0.00138090222731284,0.749346726057419,1.12769381233541,1,WARNING,PASS,PASS,PASS,PASS,PASS,
class_2\c52bb7343387.png,class_2,c52bb7343387.png,PASS,0.412747625592564,0.061402443473753,0.00121198538778248,0.74528647143496,1.1414759835911,1,PASS,PASS,PASS,PASS,PASS,PASS,
class_2\c5ad60521f8c.png,class_2,c5ad60521f8c.png,PASS,0.271633612093126,0.0567599565729758,0.000435203372272548,0.732719414893617,1.1678310053886,1,PASS,PASS,PASS,PASS,PASS,PASS,
class_2\c613db1cab27.png,class_2,c613db1cab27.png,WARNING,0.358714291916435,0.037365669238406,0.000693693803043808,0.744709999860249,1.02661871861027,1,PASS,PASS,WARNING,PASS,PASS,PASS,
class_2\c6e1e9fbf39b.png,class_2,c6e1e9fbf39b.png,PASS,0.346207909960127,0.0563758133703069,0.000812135518721207,0.831756225775933,1.16561995280972,1,PASS,PASS,PASS,PASS,PASS,PASS,
class_2\c8905b8d5cf1.png,class_2,c8905b8d5cf1.png,WARNING,0.213337451370816,0.0387572690508415,0.000275568054611353,0.598326644701009,1.08763314236282,1,PASS,WARNING,PASS,PASS,PASS,PASS,
class_2\c9f0dc2c8b43.png,class_2,c9f0dc2c8b43.png,PASS,0.369076476680703,0.0592817332208759,0.000810507625000491,0.733335771276596,1.15403291652646,1,PASS,PASS,PASS,PASS,PASS,PASS,
class_2\ca7f5caddf96.png,class_2,ca7f5caddf96.png,WARNING,0.222109348173009,0.0876227173217748,0.000169952775628913,0.705765235320399,1.25963722485198,1,WARNING,PASS,PASS,PASS,PASS,PASS,
class_2\ca9c912ebad7.png,class_2,ca9c912ebad7.png,FAIL,0.356544475870119,0.0289882216574889,0.000650293269098885,0.744715822805448,1.05337897569135,1,PASS,PASS,FAIL,PASS,PASS,PASS,Low Contrast
class_2\cb602182cde3.png,class_2,cb602182cde3.png,FAIL,0.325003029378679,0.065794484579825,0.00096246524370515,0.988688151041667,1.16120927971987,1,PASS,PASS,PASS,FAIL,PASS,PASS,Low Foreground
class_2\cbc2e57447c2.png,class_2,cbc2e57447c2.png,PASS,0.351925421062178,0.0436578900674029,0.000773652450181608,0.744691075288352,1.03834295892334,1,PASS,PASS,PASS,PASS,PASS,PASS,
class_2\cca626a0e19a.png,class_2,cca626a0e19a.png,PASS,0.352347964517173,0.0820627341487139,0.000601123047210992,0.713490780026398,1.15065492223342,1,PASS,PASS,PASS,PASS,PASS,PASS,
class_2\cd4e7f9fa1a9.png,class_2,cd4e7f9fa1a9.png,PASS,0.328393780932962,0.0672098187153152,0.000490347761681594,0.733033909574468,1.14045450357122,1,PASS,PASS,PASS,PASS,PASS,PASS,
class_2\ce887b196c23.png,class_2,ce887b196c23.png,PASS,0.323102479040354,0.0516790214578421,0.000795136321054489,0.733990026595745,1.09388158438835,1,PASS,PASS,PASS,PASS,PASS,PASS,
class_2\d10d315f123f.png,class_2,d10d315f123f.png,PASS,0.343230401866287,0.0716565462528903,0.00106752340450542,0.831899042863247,1.11477699774807,1,PASS,PASS,PASS,PASS,PASS,PASS,
class_2\d141728fa392.png,class_2,d141728fa392.png,PASS,0.340957893194996,0.0476881557214708,0.000840636449469517,0.750822408938539,1.12094763587789,1,PASS,PASS,PASS,PASS,PASS,PASS,
class_2\d6228d951958.png,class_2,d6228d951958.png,PASS,0.304059144072483,0.041208277399735,0.000905425753441921,0.750054287429586,1.07488357461722,1,PASS,PASS,PASS,PASS,PASS,PASS,
class_2\d91273efb92a.png,class_2,d91273efb92a.png,PASS,0.440938503792548,0.0524842550243304,0.00110295860000946,0.742806187927404,1.09017935400532,1,PASS,PASS,PASS,PASS,PASS,PASS,
class_2\d95959798b57.png,class_2,d95959798b57.png,PASS,0.371251585596974,0.0924939351522219,0.00117887261165731,0.8320165868099,1.18730226227243,1,PASS,PASS,PASS,PASS,PASS,PASS,
class_2\dd110d2b8c21.png,class_2,dd110d2b8c21.png,WARNING,0.490749689322156,0.0556829718859398,0.00131644375249317,0.745702666443066,1.04003689799453,1,PASS,WARNING,PASS,PASS,PASS,PASS,
class_2\dee687c6e88a.png,class_2,dee687c6e88a.png,PASS,0.413739555366945,0.0701146766012364,0.000892337448535546,0.743612520263849,1.1279312356001,1,PASS,PASS,PASS,PASS,PASS,PASS,
class_2\e10190a9d52f.png,class_2,e10190a9d52f.png,PASS,0.310246600724986,0.0590745121063392,0.00119229135379198,0.75072843237976,1.15409860539476,1,PASS,PASS,PASS,PASS,PASS,PASS,
class_2\e2161692a0b4.png,class_2,e2161692a0b4.png,FAIL,0.213302495939909,0.0694310160638087,0.000295620187068062,0.552022535060063,0.79669199708355,1,PASS,WARNING,PASS,PASS,FAIL,PASS,Uneven Illumination
class_2\e229aca862c7.png,class_2,e229aca862c7.png,PASS,0.401352724874891,0.0541972841597136,0.000860264482157576,0.744853098738517,1.10923580148933,1,PASS,PASS,PASS,PASS,PASS,PASS,
class_2\e2a47a74e6e1.png,class_2,e2a47a74e6e1.png,PASS,0.274345239692941,0.059605766350748,0.000865580597582667,0.831322529145177,1.15316719115925,1,PASS,PASS,PASS,PASS,PASS,PASS,
class_2\e34fa07bd64d.png,class_2,e34fa07bd64d.png,PASS,0.38591619348133,0.0981238448205783,0.000872642718035099,0.713250151277632,1.06756859750708,1,PASS,PASS,PASS,PASS,PASS,PASS,
class_2\e65a2ff90494.png,class_2,e65a2ff90494.png,FAIL,0.221587520540649,0.022518365977303,0.000534324373238611,0.830477786339915,0.9965666883166,1,PASS,PASS,FAIL,PASS,PASS,PASS,Low Contrast
class_2\e663c6627a95.png,class_2,e663c6627a95.png,PASS,0.360838128210951,0.0760669586845943,0.000989504191192921,0.832554475539415,1.09810552796043,1,PASS,PASS,PASS,PASS,PASS,PASS,
class_2\e6f0ce5bf282.png,class_2,e6f0ce5bf282.png,PASS,0.454226461773825,0.0519490159002498,0.00120599203557052,0.744893713781281,1.11220613824102,1,PASS,PASS,PASS,PASS,PASS,PASS,
class_2\e7fc93ac5b6d.png,class_2,e7fc93ac5b6d.png,PASS,0.247397511233286,0.064544097901322,0.000314103402676799,0.882417948479112,1.24424775309769,1,PASS,PASS,PASS,PASS,PASS,PASS,
class_2\eadfc8809ec8.png,class_2,eadfc8809ec8.png,PASS,0.360597617383768,0.047013728264881,0.000809158014873029,0.744502994158421,1.07878787950904,1,PASS,PASS,PASS,PASS,PASS,PASS,
class_2\f0800723bc63.png,class_2,f0800723bc63.png,PASS,0.317295601768438,0.0636446828269131,0.000620110220925084,0.831807725760674,1.20046878852369,1,PASS,PASS,PASS,PASS,PASS,PASS,
class_2\f0c0f7b5e820.png,class_2,f0c0f7b5e820.png,PASS,0.317448188635728,0.0752846427027878,0.00102099234042479,0.831328012939848,1.01522367582286,1,PASS,PASS,PASS,PASS,PASS,PASS,
class_2\f18abfa690ab.png,class_2,f18abfa690ab.png,FAIL,0.311572600203899,0.0836289826404923,0.000864195310398706,0.988883463541667,1.31094564527377,1,PASS,PASS,PASS,FAIL,WARNING,PASS,Low Foreground
class_2\f1a761c68559.png,class_2,f1a761c68559.png,PASS,0.275092948866435,0.0478125614534178,0.000417632540165813,0.732795212765957,1.1407760514639,1,PASS,PASS,PASS,PASS,PASS,PASS,
class_2\f2094a20b275.png,class_2,f2094a20b275.png,PASS,0.356697027593042,0.0433745111515256,0.000630524583023914,0.744417979158515,1.1403903595531,1,PASS,PASS,PASS,PASS,PASS,PASS,
class_2\f460608cf4cc.png,class_2,f460608cf4cc.png,PASS,0.409072175167092,0.0714276287691265,0.000798758235899204,0.743885034099167,1.18691246794369,1,PASS,PASS,PASS,PASS,PASS,PASS,
class_2\f69400b316a7.png,class_2,f69400b316a7.png,PASS,0.293826087611656,0.0516995346094768,0.000882895513629869,0.831495864741966,1.02164967410431,1,PASS,PASS,PASS,PASS,PASS,PASS,
class_2\fa3e544a7401.png,class_2,fa3e544a7401.png,WARNING,0.293426192764194,0.105778231017066,0.000458183425884037,0.856390104086907,1.28711423622763,1,PASS,PASS,PASS,PASS,WARNING,PASS,
class_2\fac399455195.png,class_2,fac399455195.png,PASS,0.318383469129201,0.0469406915909705,0.000609737139088585,0.749802010550922,1.13652751227337,1,PASS,PASS,PASS,PASS,PASS,PASS,
class_2\fe37f4492920.png,class_2,fe37f4492920.png,WARNING,0.440554395546418,0.0606812570461046,0.00140066388344639,0.832670350505081,1.10980453040699,1,WARNING,PASS,PASS,PASS,PASS,PASS,
class_3\05cd0178ccfe.png,class_3,05cd0178ccfe.png,WARNING,0.41255433606161,0.117044495220783,0.00123462325022562,0.831828707235939,1.14699779203632,1,PASS,PASS,WARNING,PASS,PASS,PASS,
class_3\069f43616fab.png,class_3,069f43616fab.png,FAIL,0.536891586627273,0.0708495639723051,0.000962884528130267,0.546737695530091,1.14554454283587,1,PASS,FAIL,PASS,PASS,PASS,PASS,Overexposure
class_3\14e3f84445f7.png,class_3,14e3f84445f7.png,PASS,0.347648467072286,0.0520108159471812,0.000571365310587294,0.73385704787234,1.13243193216816,1,PASS,PASS,PASS,PASS,PASS,PASS,
class_3\15bed5adde74.png,class_3,15bed5adde74.png,PASS,0.240313738193548,0.0631350099478376,0.00036575641582151,0.519822466919037,1.17845140544551,1,PASS,PASS,PASS,PASS,PASS,PASS,
class_3\1623e8e3adc4.png,class_3,1623e8e3adc4.png,PASS,0.379960651306455,0.0402794578133133,0.000740602861925862,0.744374307069521,1.08419012713385,1,PASS,PASS,PASS,PASS,PASS,PASS,
class_3\166068a24416.png,class_3,166068a24416.png,PASS,0.301207779295716,0.0540561220214303,0.000634487169021833,0.831640827661977,1.20029601627112,1,PASS,PASS,PASS,PASS,PASS,PASS,
class_3\1b495ac025b7.png,class_3,1b495ac025b7.png,PASS,0.264521023664644,0.0606534795870781,0.000551727303278431,0.83085950613422,1.18196952170095,1,PASS,PASS,PASS,PASS,PASS,PASS,
class_3\1c9521878baf.png,class_3,1c9521878baf.png,PASS,0.355173956358525,0.0593530923033013,0.000638395579708204,0.74373887817467,1.19381768186388,1,PASS,PASS,PASS,PASS,PASS,PASS,
class_3\299086c6d1b5.png,class_3,299086c6d1b5.png,WARNING,0.224728365373497,0.0980962265740625,0.000162540724183737,0.578871131473462,1.22590223404617,1,WARNING,PASS,PASS,PASS,PASS,PASS,
class_3\2bb063318cf1.png,class_3,2bb063318cf1.png,PASS,0.329662356685151,0.0565908194534602,0.000648983893549098,0.744173124312893,1.17434144232467,1,PASS,PASS,PASS,PASS,PASS,PASS,
class_3\2bbd1f99ecc3.png,class_3,2bbd1f99ecc3.png,PASS,0.326381075400677,0.0499603260614593,0.000414375713243037,0.54517103909465,1.10663396227522,1,PASS,PASS,PASS,PASS,PASS,PASS,
class_3\4360a112db10.png,class_3,4360a112db10.png,PASS,0.34973727944941,0.0899274295461551,0.000549479157670496,0.541934170588636,1.25155240663219,1,PASS,PASS,PASS,PASS,PASS,PASS,
class_3\4fef9ed8a4c5.png,class_3,4fef9ed8a4c5.png,PASS,0.297566635822286,0.0614224965992385,0.000448457990173754,0.74341352111167,1.23587792366155,1,PASS,PASS,PASS,PASS,PASS,PASS,
class_3\6735931000ec.png,class_3,6735931000ec.png,PASS,0.33918127638954,0.0455168841680687,0.000724011433735623,0.744241252771722,1.07905999792772,1,PASS,PASS,PASS,PASS,PASS,PASS,
class_3\72595230840c.png,class_3,72595230840c.png,WARNING,0.337882491375474,0.0596217848566246,0.000543799119696092,0.901611981440229,1.05920134095794,1,PASS,PASS,PASS,WARNING,PASS,PASS,
class_3\788ddb0b70b7.png,class_3,788ddb0b70b7.png,WARNING,0.238825901727267,0.0831807578259265,0.000208850178008693,0.776240186102906,1.26141041453801,1,WARNING,PASS,PASS,PASS,PASS,PASS,
class_3\8688f3d0fcaf.png,class_3,8688f3d0fcaf.png,PASS,0.234438494903923,0.0535599571276303,0.000778646424964833,0.782406349206349,1.17940609268687,1,PASS,PASS,PASS,PASS,PASS,PASS,
class_3\86d6808f0609.png,class_3,86d6808f0609.png,PASS,0.266146340368063,0.0654759055600422,0.000654250963370834,0.831124397259438,1.12770744976074,1,PASS,PASS,PASS,PASS,PASS,PASS,
class_3\8958a4d17b7e.png,class_3,8958a4d17b7e.png,PASS,0.362685226380651,0.063298179904878,0.00110428910114595,0.831867570650349,1.14168937836537,1,PASS,PASS,PASS,PASS,PASS,PASS,
class_3\8b76c3c5cb3e.png,class_3,8b76c3c5cb3e.png,WARNING,0.356239865403087,0.104438038997215,0.000611841553479825,0.89068210630347,1.19785402319296,1,PASS,PASS,PASS,WARNING,PASS,PASS,
class_3\910bfd38e2f5.png,class_3,910bfd38e2f5.png,PASS,0.369452516766853,0.0442101682797526,0.000801630814593101,0.744820199098142,1.07674708215227,1,PASS,PASS,PASS,PASS,PASS,PASS,
class_3\913490237ad4.png,class_3,913490237ad4.png,FAIL,0.343034500025788,0.13968760044607,0.00116210334132649,0.896039195595922,1.48215674547524,1,PASS,PASS,FAIL,WARNING,FAIL,PASS,Low Contrast|Uneven Illumination
class_3\9878db94d9f3.png,class_3,9878db94d9f3.png,PASS,0.332650680617039,0.0762399731742363,0.000989238027638164,0.544666582827456,1.17643996739732,1,PASS,PASS,PASS,PASS,PASS,PASS,
class_3\996f57c86ba5.png,class_3,996f57c86ba5.png,PASS,0.324609709255871,0.0435955724410536,0.000821831666201179,0.743893986877411,1.02986522477669,1,PASS,PASS,PASS,PASS,PASS,PASS,
class_3\9bafbbd152d2.png,class_3,9bafbbd152d2.png,PASS,0.227654997396465,0.0577187105105964,0.000255188573465094,0.755961750074596,1.12973883961452,1,PASS,PASS,PASS,PASS,PASS,PASS,
class_3\9f37c98b8187.png,class_3,9f37c98b8187.png,WARNING,0.243507400758259,0.0645004318907713,0.000361123608543087,0.737558867595076,1.33882389370694,1,PASS,PASS,PASS,PASS,WARNING,PASS,
class_3\a4d4b69f7404.png,class_3,a4d4b69f7404.png,PASS,0.278677482489614,0.0486677973990368,0.000681245620347799,0.831086010696738,1.10021547299649,1,PASS,PASS,PASS,PASS,PASS,PASS,
class_3\a80dab8eddf4.png,class_3,a80dab8eddf4.png,WARNING,0.408367738193482,0.0606651456749354,0.00150275485038569,0.832500829721976,1.00993411253119,1,WARNING,PASS,PASS,PASS,PASS,PASS,
class_3\b960142a8de7.png,class_3,b960142a8de7.png,WARNING,0.284034779319297,0.0856478155094861,0.000359874616256491,0.541816582543255,1.35053993280819,1,PASS,PASS,PASS,PASS,WARNING,PASS,
class_3\bb5083fae98f.png,class_3,bb5083fae98f.png,PASS,0.302956073561083,0.0631137301318712,0.000710398363879023,0.831546649449141,1.11394464822791,1,PASS,PASS,PASS,PASS,PASS,PASS,
class_3\c31651ea04c6.png,class_3,c31651ea04c6.png,WARNING,0.248430127592135,0.0617338756473594,0.000209773839022067,0.798353128211767,1.03840081506684,1,WARNING,PASS,PASS,PASS,PASS,PASS,
class_3\c3cd0200df79.png,class_3,c3cd0200df79.png,FAIL,0.447750639952214,0.163844525642474,0.00110778586930664,0.814405451103782,1.16784703952605,1,PASS,PASS,FAIL,PASS,PASS,PASS,Low Contrast
class_3\d035c2bd9104.png,class_3,d035c2bd9104.png,PASS,0.354533093013103,0.069506431990533,0.000721983718091138,0.785192743764172,1.21063423852924,1,PASS,PASS,PASS,PASS,PASS,PASS,
class_3\d16398c971e9.png,class_3,d16398c971e9.png,PASS,0.274853389307042,0.0781720812337263,0.000564790852874811,0.714468142739603,1.2351586888994,1,PASS,PASS,PASS,PASS,PASS,PASS,
class_3\dbb2c63f6f08.png,class_3,dbb2c63f6f08.png,FAIL,0.386196744061163,0.11008747591942,0.00128799453748717,0.976549479166667,1.17606061289548,1,PASS,PASS,WARNING,FAIL,PASS,PASS,Low Foreground
class_3\e8d1c6c07cf2.png,class_3,e8d1c6c07cf2.png,PASS,0.37973325216907,0.0836333940223068,0.00081824018799847,0.732970744680851,1.1423283900165,1,PASS,PASS,PASS,PASS,PASS,PASS,
class_3\f5a8c6426a71.png,class_3,f5a8c6426a71.png,PASS,0.413163256657292,0.0491054141845486,0.0012312488070035,0.832427632984405,1.02107394564024,1,PASS,PASS,PASS,PASS,PASS,PASS,
class_3\f6f433f3306f.png,class_3,f6f433f3306f.png,PASS,0.274403166590076,0.103087722416286,0.000447523624343429,0.605416410777802,0.976630129007422,1,PASS,PASS,PASS,PASS,PASS,PASS,
class_3\fcc6aa6755e6.png,class_3,fcc6aa6755e6.png,PASS,0.284260004816749,0.0701964939997265,0.000314001578641728,0.489765044164791,1.19201264925905,1,PASS,PASS,PASS,PASS,PASS,PASS,
class_4\03a7f4a5786f.png,class_4,03a7f4a5786f.png,PASS,0.216169348502706,0.0862736653064468,0.000438802105148929,0.707196173744461,1.25210751845324,1,PASS,PASS,PASS,PASS,PASS,PASS,
class_4\10fca1abf338.png,class_4,10fca1abf338.png,WARNING,0.335860205983066,0.0794992396161169,0.000583807479578659,0.713276248880899,1.33890601157142,1,PASS,PASS,PASS,PASS,WARNING,PASS,
class_4\187f6ccda87a.png,class_4,187f6ccda87a.png,PASS,0.332624806841902,0.0565839794384231,0.000728838594442647,0.71568225410867,1.17219742435137,1,PASS,PASS,PASS,PASS,PASS,PASS,
class_4\19ef4d292196.png,class_4,19ef4d292196.png,PASS,0.350438142133307,0.0553147263694691,0.000583309298950284,0.713371350316533,1.1824838362543,1,PASS,PASS,PASS,PASS,PASS,PASS,
class_4\1a90fad9ffa2.png,class_4,1a90fad9ffa2.png,PASS,0.349248683236811,0.0485547203686076,0.000956229782357878,0.7528246570768,1.13220145217773,1,PASS,PASS,PASS,PASS,PASS,PASS,
class_4\1b32e1d775ea.png,class_4,1b32e1d775ea.png,WARNING,0.313657574749832,0.0357015995888794,0.000575267046269916,0.733406914893617,1.11432205065223,1,PASS,PASS,WARNING,PASS,PASS,PASS,
class_4\1bf30c84bbad.png,class_4,1bf30c84bbad.png,PASS,0.278025712605563,0.0424458677062108,0.000527599448190198,0.716334715118229,1.06559955904668,1,PASS,PASS,PASS,PASS,PASS,PASS,
class_4\1c4f3aa4df06.png,class_4,1c4f3aa4df06.png,PASS,0.425300391781338,0.0568828064479132,0.00101051941020689,0.744903903935379,1.13876225424755,1,PASS,PASS,PASS,PASS,PASS,PASS,
class_4\20d5fdd450ae.png,class_4,20d5fdd450ae.png,PASS,0.372574667640506,0.0620657907962135,0.000699226326721617,0.744467328619077,1.18689835560761,1,PASS,PASS,PASS,PASS,PASS,PASS,
class_4\21d18b022429.png,class_4,21d18b022429.png,PASS,0.289897115091354,0.101992788872097,0.000333938634464298,0.879624352515657,1.0676062942617,1,PASS,PASS,PASS,PASS,PASS,PASS,
class_4\222f3ee3a1e8.png,class_4,222f3ee3a1e8.png,WARNING,0.419274418259843,0.0373109058310811,0.0012401867068885,0.832416188543352,1.0268217517731,1,PASS,PASS,WARNING,PASS,PASS,PASS,
class_4\22895c89792f.png,class_4,22895c89792f.png,PASS,0.38474622302417,0.0700907796658059,0.000790510815592599,0.73335704787234,1.16143091864572,1,PASS,PASS,PASS,PASS,PASS,PASS,
class_4\312694ea8e6a.png,class_4,312694ea8e6a.png,WARNING,0.265165603139214,0.0362037567774012,0.000588151469330973,0.831124874111148,1.08429386732688,1,PASS,PASS,WARNING,PASS,PASS,PASS,
class_4\3796af4d987a.png,class_4,3796af4d987a.png,PASS,0.268068304080082,0.0796234373554665,0.00024489151096577,0.728088151016793,0.926227932532079,1,PASS,PASS,PASS,PASS,PASS,PASS,
class_4\3a1ecf5e2839.png,class_4,3a1ecf5e2839.png,PASS,0.328282013556861,0.0491231117338089,0.000763187622766303,0.831370452742088,1.08963096407167,1,PASS,PASS,PASS,PASS,PASS,PASS,
class_4\3ca637fddd56.png,class_4,3ca637fddd56.png,PASS,0.238775386874061,0.0487181577445756,0.000383164291453871,0.53091954787234,1.0733881538531,1,PASS,PASS,PASS,PASS,PASS,PASS,
class_4\3ccf96c1dd6d.png,class_4,3ccf96c1dd6d.png,PASS,0.405860100193826,0.0474727928866319,0.000814094993231356,0.744652352702778,1.05746788397988,1,PASS,PASS,PASS,PASS,PASS,PASS,
class_4\4462fba1d2a1.png,class_4,4462fba1d2a1.png,PASS,0.447558314955384,0.0413134447646358,0.00104920616246555,0.744975817308588,1.11880693557988,1,PASS,PASS,PASS,PASS,PASS,PASS,
class_4\44ecf3f4efa5.png,class_4,44ecf3f4efa5.png,PASS,0.268607258649652,0.0457165900086737,0.000552935435550952,0.831218813898129,1.07158344060695,1,PASS,PASS,PASS,PASS,PASS,PASS,
class_4\4ccfa0b4e96c.png,class_4,4ccfa0b4e96c.png,WARNING,0.356848360207578,0.107801896093544,0.00103449403635066,0.901507983298275,1.15738012025998,1,PASS,PASS,WARNING,WARNING,PASS,PASS,
class_4\5d74f98d62be.png,class_4,5d74f98d62be.png,WARNING,0.344921340448999,0.115278961580016,0.000792330720373117,0.713267402235724,1.02856735154327,1,PASS,PASS,WARNING,PASS,PASS,PASS,
class_4\6194e0fff071.png,class_4,6194e0fff071.png,WARNING,0.43094979385796,0.107260756661438,0.000985428085297009,0.713910553339962,1.18328747190603,1,PASS,PASS,WARNING,PASS,PASS,PASS,
class_4\61e301bd3c25.png,class_4,61e301bd3c25.png,PASS,0.378730473443186,0.0563664794537011,0.00109720928282235,0.750565912238668,1.03219884425543,1,PASS,PASS,PASS,PASS,PASS,PASS,
class_4\65e120143825.png,class_4,65e120143825.png,PASS,0.39669701968227,0.0488665533968746,0.00115019189069412,0.832159642323069,1.00433229888981,1,PASS,PASS,PASS,PASS,PASS,PASS,
class_4\6cfb7b44ef6f.png,class_4,6cfb7b44ef6f.png,PASS,0.405831794729286,0.0650426777167769,0.000864517412360704,0.71384729982696,1.11144987512566,1,PASS,PASS,PASS,PASS,PASS,PASS,
class_4\6d259b5b4c76.png,class_4,6d259b5b4c76.png,WARNING,0.375972148568812,0.03385986036353,0.00129573398614368,0.750217834013675,1.00383306634767,1,PASS,PASS,WARNING,PASS,PASS,PASS,
class_4\6e73acb2cf60.png,class_4,6e73acb2cf60.png,PASS,0.313636230896126,0.0675206912740107,0.000628689440707886,0.831495387890255,1.13372361079048,1,PASS,PASS,PASS,PASS,PASS,PASS,
class_4\6f4719c6bb4b.png,class_4,6f4719c6bb4b.png,FAIL,0.204621040776487,0.105385552163165,0.000134423165181787,0.184246692126622,0.747768209934509,1,FAIL,WARNING,PASS,FAIL,FAIL,PASS,Blur|Other|Uneven Illumination
class_4\710b05a96e0f.png,class_4,710b05a96e0f.png,PASS,0.285989921271293,0.0752197624436906,0.000364995487886514,0.508955780699732,1.03979339053805,1,PASS,PASS,PASS,PASS,PASS,PASS,
class_4\72d98188648f.png,class_4,72d98188648f.png,PASS,0.343622719416596,0.0603127942672552,0.00128238605811163,0.749832689791591,0.973770833905843,1,PASS,PASS,PASS,PASS,PASS,PASS,
class_4\785777558f05.png,class_4,785777558f05.png,FAIL,0.321649579519137,0.147993683480352,0.000393485148623688,0.82653280718899,1.13112281251045,1,PASS,PASS,FAIL,PASS,PASS,PASS,Low Contrast
class_4\78b3f819dcc5.png,class_4,78b3f819dcc5.png,WARNING,0.252067478277876,0.0935397056462858,0.000171501485920013,0.753442067024201,1.23138043927108,1,WARNING,PASS,PASS,PASS,PASS,PASS,
class_4\7bc4dd99eee5.png,class_4,7bc4dd99eee5.png,PASS,0.31693000336709,0.0450407163584419,0.000730492387833584,0.715954686058821,1.00666582843424,1,PASS,PASS,PASS,PASS,PASS,PASS,
class_4\7c629b491d1a.png,class_4,7c629b491d1a.png,WARNING,0.346893811619158,0.0331640711467087,0.000626011048071965,0.744478828935845,1.06329365589211,1,PASS,PASS,WARNING,PASS,PASS,PASS,
class_4\7c90ab025331.png,class_4,7c90ab025331.png,PASS,0.41328586483682,0.0563936415478414,0.000858706314789247,0.744778128319079,1.05748927973156,1,PASS,PASS,PASS,PASS,PASS,PASS,
class_4\7cc4b7aabe04.png,class_4,7cc4b7aabe04.png,PASS,0.311008533711157,0.0455398133015126,0.000757940912062033,0.831661809137242,1.08142681343937,1,PASS,PASS,PASS,PASS,PASS,PASS,
class_4\85cbb84ac8e0.png,class_4,85cbb84ac8e0.png,PASS,0.352088579434113,0.0682258945074693,0.000801361754081003,0.831685413296915,1.21363247918758,1,PASS,PASS,PASS,PASS,PASS,PASS,
class_4\875a2fc5fe23.png,class_4,875a2fc5fe23.png,PASS,0.355652203586661,0.0583354941132236,0.000443120664432063,0.545728782995703,1.1257500679523,1,PASS,PASS,PASS,PASS,PASS,PASS,
class_4\8f318a978844.png,class_4,8f318a978844.png,FAIL,0.184043095338037,0.027528171084735,0.000217808432946473,0.355560824224238,1.20481534157976,1,WARNING,FAIL,FAIL,WARNING,PASS,PASS,Low Contrast|Underexposure
class_4\94ef1d14597f.png,class_4,94ef1d14597f.png,PASS,0.350659375015083,0.0455126801434449,0.000852761557413056,0.750624077341795,1.06997486145501,1,PASS,PASS,PASS,PASS,PASS,PASS,
class_4\a76b69e443ce.png,class_4,a76b69e443ce.png,WARNING,0.238807626782105,0.0731970060883414,0.000147588521603423,0.647288972597657,1.16448598519988,1,WARNING,PASS,PASS,PASS,PASS,PASS,
class_4\b49b2fac2514.png,class_4,b49b2fac2514.png,PASS,0.325532175677239,0.0585739273048425,0.000724159941199417,0.749468302527878,1.15515066523751,1,PASS,PASS,PASS,PASS,PASS,PASS,
class_4\b77b8a1f09f1.png,class_4,b77b8a1f09f1.png,PASS,0.442152276078023,0.0528599520402462,0.00121449692420137,0.832686325037385,1.05579294328595,1,PASS,PASS,PASS,PASS,PASS,PASS,
class_4\b87f9c59748b.png,class_4,b87f9c59748b.png,WARNING,0.376038612561862,0.0784082706920024,0.000559202607941857,0.901692102940735,1.14329359002144,1,PASS,PASS,PASS,WARNING,PASS,PASS,
class_4\b90bc89ce8d8.png,class_4,b90bc89ce8d8.png,PASS,0.26039042672911,0.0440047918441694,0.0006631877085678,0.749670625847386,1.08044790796527,1,PASS,PASS,PASS,PASS,PASS,PASS,
class_4\bc34ed91c9bc.png,class_4,bc34ed91c9bc.png,PASS,0.325072110841563,0.0501248226888187,0.000626410559896854,0.749348208697302,1.22412990612538,1,PASS,PASS,PASS,PASS,PASS,PASS,
class_4\bd5013540a13.png,class_4,bd5013540a13.png,PASS,0.38474622302417,0.0700907796658059,0.000790510815592599,0.73335704787234,1.16143091864572,1,PASS,PASS,PASS,PASS,PASS,PASS,
class_4\c1799a6f5c65.png,class_4,c1799a6f5c65.png,WARNING,0.457278396841472,0.0638272367671641,0.00134253355262669,0.832405936231574,1.139004507564,1,WARNING,PASS,PASS,PASS,PASS,PASS,
class_4\d1a24527a15d.png,class_4,d1a24527a15d.png,PASS,0.282140797423374,0.0513932327085096,0.000578021465977725,0.830998508407849,1.14543641458612,1,PASS,PASS,PASS,PASS,PASS,PASS,
class_4\d2901144070c.png,class_4,d2901144070c.png,PASS,0.336482387645523,0.0557895377202577,0.000959065131524493,0.831671584597308,1.1165971243059,1,PASS,PASS,PASS,PASS,PASS,PASS,
class_4\d2c2f02bb313.png,class_4,d2c2f02bb313.png,PASS,0.316410317837397,0.0694060716488212,0.000793502745007819,0.832021832178716,1.11827530566191,1,PASS,PASS,PASS,PASS,PASS,PASS,
class_4\de16416220de.png,class_4,de16416220de.png,PASS,0.301318792970498,0.0678459686252187,0.000504038474396597,0.749163220859511,1.22070688161147,1,PASS,PASS,PASS,PASS,PASS,PASS,
class_4\e23add229074.png,class_4,e23add229074.png,WARNING,0.490359336566662,0.0553396720656247,0.00118768560688861,0.74528865503941,1.12108315603443,1,PASS,WARNING,PASS,PASS,PASS,PASS,
class_4\e3ec668f6fad.png,class_4,e3ec668f6fad.png,PASS,0.334809901166455,0.0832107888348729,0.000498054272089876,0.749300079925695,1.25701818545121,1,PASS,PASS,PASS,PASS,PASS,PASS,
class_4\eadc57064154.png,class_4,eadc57064154.png,WARNING,0.231018264650756,0.0579937056962883,0.000662138382937434,0.71894693877551,1.34380606783992,1,PASS,PASS,PASS,PASS,WARNING,PASS,
class_4\ee1ec90b980f.png,class_4,ee1ec90b980f.png,PASS,0.358549069502491,0.0577201892203375,0.000836946995716834,0.831661332285531,1.18528161603568,1,PASS,PASS,PASS,PASS,PASS,PASS,
class_4\f549294e12e1.png,class_4,f549294e12e1.png,PASS,0.399745457791886,0.0468731948627529,0.00117763582737397,0.752409403860156,1.06547814746478,1,PASS,PASS,PASS,PASS,PASS,PASS,
class_4\f69835dc7c50.png,class_4,f69835dc7c50.png,PASS,0.265967501654884,0.0543587911505468,0.000527161325034664,0.831215714362011,1.24989792595541,1,PASS,PASS,PASS,PASS,PASS,PASS,
class_4\fce93caa4758.png,class_4,fce93caa4758.png,WARNING,0.389895323462306,0.0697613224679379,0.00146567816366078,0.832862044892727,1.01121440585486,1,WARNING,PASS,PASS,PASS,PASS,PASS,
